x-axis,1,2
second,Volt,Volt
+332.0000E-06,+443.2003721E-03,-5.1664572E-03
+332.5000E-06,+442.5722314E-03,-5.2292713E-03
+333.0000E-06,+441.9754978E-03,-5.2292713E-03
+333.5000E-06,+441.4729852E-03,-5.1350502E-03
+334.0000E-06,+440.9390656E-03,-5.1978643E-03
+334.5000E-06,+440.7506234E-03,-5.2920854E-03
+335.0000E-06,+440.0596687E-03,-5.1978643E-03
+335.5000E-06,+438.9290154E-03,-5.3234924E-03
+336.0000E-06,+438.0496184E-03,-5.2606783E-03
+336.5000E-06,+437.2958496E-03,-5.3863065E-03
+337.0000E-06,+436.4792667E-03,-5.1036432E-03
+337.5000E-06,+435.8197190E-03,-5.2606783E-03
+338.0000E-06,+435.0345431E-03,-5.0408291E-03
+338.5000E-06,+434.5320305E-03,-5.0722361E-03
+339.0000E-06,+433.9038898E-03,-5.1664572E-03
+339.5000E-06,+433.3699702E-03,-5.3548994E-03
+340.0000E-06,+432.6476084E-03,-5.1664572E-03
+340.5000E-06,+432.1450959E-03,-5.2606783E-03
+341.0000E-06,+431.3599200E-03,-5.1978643E-03
+341.5000E-06,+430.6375582E-03,-5.1350502E-03
+342.0000E-06,+429.4126838E-03,-5.2920854E-03
+342.5000E-06,+428.4076587E-03,-5.2606783E-03
+343.0000E-06,+427.7795180E-03,-5.2606783E-03
+343.5000E-06,+426.9629351E-03,-5.1978643E-03
+344.0000E-06,+426.3976085E-03,-5.2292713E-03
+344.5000E-06,+425.7694678E-03,-5.3234924E-03
+345.0000E-06,+425.1727341E-03,-5.2292713E-03
+345.5000E-06,+424.2933372E-03,-5.2920854E-03
+346.0000E-06,+423.4767543E-03,-5.2606783E-03
+346.5000E-06,+422.6287643E-03,-5.1036432E-03
+347.0000E-06,+421.4038900E-03,-5.1350502E-03
+347.5000E-06,+420.7129352E-03,-5.2606783E-03
+348.0000E-06,+419.6136890E-03,-5.1978643E-03
+348.5000E-06,+418.9541412E-03,-5.1350502E-03
+349.0000E-06,+418.4830357E-03,-5.2606783E-03
+349.5000E-06,+417.6664528E-03,-5.2920854E-03
+350.0000E-06,+417.1011262E-03,-5.3548994E-03
+350.5000E-06,+416.5672066E-03,-5.1036432E-03
+351.0000E-06,+415.9076589E-03,-5.2920854E-03
+351.5000E-06,+414.8398197E-03,-5.2606783E-03
+352.0000E-06,+413.9918297E-03,-5.1350502E-03
+352.5000E-06,+412.9553976E-03,-5.3234924E-03
+353.0000E-06,+411.7933373E-03,-5.0094221E-03
+353.5000E-06,+411.1337896E-03,-5.2920854E-03
+354.0000E-06,+410.2229856E-03,-5.2292713E-03
+354.5000E-06,+409.6576589E-03,-5.3548994E-03
+355.0000E-06,+408.8410760E-03,-5.1664572E-03
+355.5000E-06,+408.1815283E-03,-5.3234924E-03
+356.0000E-06,+407.0508750E-03,-5.2606783E-03
+356.5000E-06,+405.8888147E-03,-5.1978643E-03
+357.0000E-06,+405.0094178E-03,-5.3548994E-03
+357.5000E-06,+404.0672067E-03,-5.4177135E-03
+358.0000E-06,+402.9679605E-03,-5.2920854E-03
+358.5000E-06,+401.9943424E-03,-5.3548994E-03
+359.0000E-06,+401.3033877E-03,-5.1350502E-03
+359.5000E-06,+400.6438399E-03,-5.2606783E-03
+360.0000E-06,+399.4817796E-03,-5.1664572E-03
+360.5000E-06,+398.6023827E-03,-5.2606783E-03
+361.0000E-06,+397.3461013E-03,-5.2292713E-03
+361.5000E-06,+396.1212269E-03,-5.3548994E-03
+362.0000E-06,+395.3988651E-03,-5.2606783E-03
+362.5000E-06,+394.3310259E-03,-5.3234924E-03
+363.0000E-06,+393.8599204E-03,-5.2920854E-03
+363.5000E-06,+393.0433375E-03,-5.2920854E-03
+364.0000E-06,+392.1953476E-03,-5.2606783E-03
+364.5000E-06,+391.0646943E-03,-5.2606783E-03
+365.0000E-06,+389.8712270E-03,-5.3234924E-03
+365.5000E-06,+388.9604230E-03,-5.4491205E-03
+366.0000E-06,+387.7355486E-03,-5.2606783E-03
+366.5000E-06,+386.8247446E-03,-5.2292713E-03
+367.0000E-06,+386.1023828E-03,-5.2920854E-03
+367.5000E-06,+385.4742421E-03,-5.4177135E-03
+368.0000E-06,+384.7204733E-03,-5.2920854E-03
+368.5000E-06,+383.8724833E-03,-5.2606783E-03
+369.0000E-06,+382.7104230E-03,-5.2920854E-03
+369.5000E-06,+381.6425839E-03,-5.1350502E-03
+370.0000E-06,+380.3234884E-03,-5.2920854E-03
+370.5000E-06,+379.3812773E-03,-5.3234924E-03
+371.0000E-06,+378.5332874E-03,-5.1350502E-03
+371.5000E-06,+377.7167045E-03,-5.1664572E-03
+372.0000E-06,+377.0885638E-03,-5.1036432E-03
+372.5000E-06,+376.2405739E-03,-5.2606783E-03
+373.0000E-06,+375.2041417E-03,-5.1664572E-03
+373.5000E-06,+374.0734885E-03,-5.2292713E-03
+374.0000E-06,+372.9428352E-03,-5.2920854E-03
+374.5000E-06,+371.8121819E-03,-5.3234924E-03
+375.0000E-06,+370.7443428E-03,-5.2292713E-03
+375.5000E-06,+370.1790161E-03,-5.1350502E-03
+376.0000E-06,+369.3624332E-03,-5.3234924E-03
+376.5000E-06,+368.6086644E-03,-5.2606783E-03
+377.0000E-06,+367.7292674E-03,-5.1978643E-03
+377.5000E-06,+366.6614282E-03,-5.0094221E-03
+378.0000E-06,+365.5307750E-03,-5.1350502E-03
+378.5000E-06,+364.0860514E-03,-5.2920854E-03
+379.0000E-06,+363.2066544E-03,-5.1664572E-03
+379.5000E-06,+362.2330363E-03,-5.2920854E-03
+380.0000E-06,+361.3536393E-03,-5.3234924E-03
+380.5000E-06,+360.5056494E-03,-5.1036432E-03
+381.0000E-06,+359.3749962E-03,-5.2292713E-03
+381.5000E-06,+357.9930866E-03,-5.1350502E-03
+382.0000E-06,+356.8938404E-03,-5.2292713E-03
+382.5000E-06,+355.6061520E-03,-5.1978643E-03
+383.0000E-06,+354.5697198E-03,-5.1664572E-03
+383.5000E-06,+353.8787651E-03,-5.1978643E-03
+384.0000E-06,+352.9993681E-03,-5.2292713E-03
+384.5000E-06,+351.9943430E-03,-5.1664572E-03
+385.0000E-06,+351.1149460E-03,-5.2606783E-03
+385.5000E-06,+349.8900716E-03,-5.3548994E-03
+386.0000E-06,+348.2569058E-03,-5.3548994E-03
+386.5000E-06,+347.4089159E-03,-5.3234924E-03
+387.0000E-06,+346.3096697E-03,-5.2292713E-03
+387.5000E-06,+345.4930868E-03,-5.2920854E-03
+388.0000E-06,+344.5822827E-03,-5.3234924E-03
+388.5000E-06,+343.4516295E-03,-5.3863065E-03
+389.0000E-06,+342.2895692E-03,-5.3234924E-03
+389.5000E-06,+340.6878104E-03,-5.2292713E-03
+390.0000E-06,+339.3373079E-03,-5.1978643E-03
+390.5000E-06,+338.3950969E-03,-5.3234924E-03
+391.0000E-06,+337.4214788E-03,-5.1664572E-03
+391.5000E-06,+336.3536396E-03,-5.4491205E-03
+392.0000E-06,+335.0659512E-03,-5.2292713E-03
+392.5000E-06,+333.7468557E-03,-5.2606783E-03
+393.0000E-06,+332.5219814E-03,-5.1664572E-03
+393.5000E-06,+331.0772578E-03,-5.3548994E-03
+394.0000E-06,+329.9151975E-03,-5.3234924E-03
+394.5000E-06,+328.9729864E-03,-5.3863065E-03
+395.0000E-06,+327.9051472E-03,-5.3548994E-03
+395.5000E-06,+326.6174588E-03,-5.2606783E-03
+396.0000E-06,+325.1413282E-03,-5.1664572E-03
+396.5000E-06,+323.9792679E-03,-5.3548994E-03
+397.0000E-06,+323.0056498E-03,-5.2606783E-03
+397.5000E-06,+321.6551473E-03,-5.3234924E-03
+398.0000E-06,+320.9641925E-03,-5.1978643E-03
+398.5000E-06,+319.9277604E-03,-5.2292713E-03
+399.0000E-06,+318.5772579E-03,-5.3863065E-03
+399.5000E-06,+317.3837906E-03,-5.3863065E-03
+400.0000E-06,+315.7192177E-03,-5.3548994E-03
+400.5000E-06,+314.8084137E-03,-5.3863065E-03
+401.0000E-06,+313.6463534E-03,-5.1978643E-03
+401.5000E-06,+312.5785142E-03,-5.1664572E-03
+402.0000E-06,+311.4478610E-03,-5.1978643E-03
+402.5000E-06,+310.0659515E-03,-5.2606783E-03
+403.0000E-06,+308.6212279E-03,-5.2606783E-03
+403.5000E-06,+307.2393183E-03,-5.3548994E-03
+404.0000E-06,+306.1086651E-03,-5.1036432E-03
+404.5000E-06,+305.1350470E-03,-5.2292713E-03
+405.0000E-06,+304.0043937E-03,-5.4177135E-03
+405.5000E-06,+302.7167053E-03,-5.3548994E-03
+406.0000E-06,+301.2405747E-03,-5.5433416E-03
+406.5000E-06,+299.8272581E-03,-5.2920854E-03
+407.0000E-06,+298.5709767E-03,-5.3863065E-03
+407.5000E-06,+297.5345446E-03,-5.2606783E-03
+408.0000E-06,+296.3410772E-03,-5.3863065E-03
+408.5000E-06,+295.1790169E-03,-5.3863065E-03
+409.0000E-06,+293.9855496E-03,-5.3548994E-03
+409.5000E-06,+292.5408260E-03,-5.1978643E-03
+410.0000E-06,+291.1589165E-03,-5.3548994E-03
+410.5000E-06,+289.9026351E-03,-5.3548994E-03
+411.0000E-06,+288.7091678E-03,-5.2606783E-03
+411.5000E-06,+287.7355497E-03,-5.3234924E-03
+412.0000E-06,+286.3850472E-03,-5.3548994E-03
+412.5000E-06,+284.5006251E-03,-5.2292713E-03
+413.0000E-06,+283.1815296E-03,-5.3548994E-03
+413.5000E-06,+282.1136904E-03,-5.2920854E-03
+414.0000E-06,+281.1714794E-03,-5.2292713E-03
+414.5000E-06,+280.1664543E-03,-5.3548994E-03
+415.0000E-06,+279.0986151E-03,-5.3548994E-03
+415.5000E-06,+277.5282634E-03,-5.3863065E-03
+416.0000E-06,+276.0207257E-03,-5.2292713E-03
+416.5000E-06,+274.6074091E-03,-5.3234924E-03
+417.0000E-06,+273.4767559E-03,-5.3548994E-03
+417.5000E-06,+272.5031378E-03,-5.2920854E-03
+418.0000E-06,+271.4038916E-03,-5.6061557E-03
+418.5000E-06,+270.0219820E-03,-5.0094221E-03
+419.0000E-06,+268.5458514E-03,-5.3863065E-03
+419.5000E-06,+267.0697208E-03,-5.3548994E-03
+420.0000E-06,+265.7820323E-03,-5.2920854E-03
+420.5000E-06,+264.8712283E-03,-5.2920854E-03
+421.0000E-06,+263.8033891E-03,-5.2920854E-03
+421.5000E-06,+262.4214796E-03,-5.2606783E-03
+422.0000E-06,+261.2280123E-03,-5.3863065E-03
+422.5000E-06,+259.4692183E-03,-5.3863065E-03
+423.0000E-06,+258.1187158E-03,-5.4491205E-03
+423.5000E-06,+256.9252485E-03,-5.2292713E-03
+424.0000E-06,+255.5747460E-03,-5.2606783E-03
+424.5000E-06,+254.0672083E-03,-5.1978643E-03
+425.0000E-06,+252.4026355E-03,-5.2606783E-03
+425.5000E-06,+251.1777611E-03,-5.4491205E-03
+426.0000E-06,+249.7016305E-03,-5.1664572E-03
+426.5000E-06,+248.7594194E-03,-5.2292713E-03
+427.0000E-06,+247.6601732E-03,-5.3548994E-03
+427.5000E-06,+246.4981129E-03,-5.3548994E-03
+428.0000E-06,+244.6136908E-03,-5.2920854E-03
+428.5000E-06,+243.1689672E-03,-5.2920854E-03
+429.0000E-06,+241.9126859E-03,-5.2920854E-03
+429.5000E-06,+240.6249974E-03,-5.2606783E-03
+430.0000E-06,+239.3687160E-03,-5.4805276E-03
+430.5000E-06,+238.1124346E-03,-5.2606783E-03
+431.0000E-06,+236.3536407E-03,-5.2920854E-03
+431.5000E-06,+234.8775100E-03,-5.2920854E-03
+432.0000E-06,+233.4956005E-03,-5.3863065E-03
+432.5000E-06,+232.4277613E-03,-5.3863065E-03
+433.0000E-06,+231.1714799E-03,-5.2292713E-03
+433.5000E-06,+229.6953493E-03,-5.2920854E-03
+434.0000E-06,+228.1564046E-03,-5.2606783E-03
+434.5000E-06,+226.4918317E-03,-5.1664572E-03
+435.0000E-06,+225.1727363E-03,-5.4491205E-03
+435.5000E-06,+224.0420830E-03,-5.3863065E-03
+436.0000E-06,+222.9428368E-03,-5.3234924E-03
+436.5000E-06,+221.4667062E-03,-5.4491205E-03
+437.0000E-06,+219.6450982E-03,-5.3548994E-03
+437.5000E-06,+218.2631886E-03,-5.4177135E-03
+438.0000E-06,+217.0069072E-03,-5.3863065E-03
+438.5000E-06,+215.7192188E-03,-5.3548994E-03
+439.0000E-06,+214.4943444E-03,-5.3234924E-03
+439.5000E-06,+212.8297716E-03,-5.1664572E-03
+440.0000E-06,+211.1966058E-03,-5.2606783E-03
+440.5000E-06,+209.6262540E-03,-5.3863065E-03
+441.0000E-06,+208.4013797E-03,-5.5119346E-03
+441.5000E-06,+207.0194701E-03,-5.2606783E-03
+442.0000E-06,+205.4805254E-03,-5.2920854E-03
+442.5000E-06,+203.7845456E-03,-5.3863065E-03
+443.0000E-06,+202.2770079E-03,-5.3548994E-03
+443.5000E-06,+200.9265054E-03,-5.1978643E-03
+444.0000E-06,+199.6388170E-03,-5.4491205E-03
+444.5000E-06,+198.1626863E-03,-5.3548994E-03
+445.0000E-06,+196.4981135E-03,-5.1664572E-03
+445.5000E-06,+194.8649477E-03,-5.3234924E-03
+446.0000E-06,+193.4516311E-03,-5.2920854E-03
+446.5000E-06,+192.2581638E-03,-5.1978643E-03
+447.0000E-06,+191.0332894E-03,-5.1978643E-03
+447.5000E-06,+189.3373095E-03,-5.1664572E-03
+448.0000E-06,+187.6413296E-03,-5.2920854E-03
+448.5000E-06,+186.3536412E-03,-5.3234924E-03
+449.0000E-06,+184.8775106E-03,-5.5119346E-03
+449.5000E-06,+183.8096714E-03,-5.2920854E-03
+450.0000E-06,+182.6162041E-03,-5.2920854E-03
+450.5000E-06,+180.9516312E-03,-5.2292713E-03
+451.0000E-06,+179.0986162E-03,-5.4177135E-03
+451.5000E-06,+177.5596715E-03,-5.4177135E-03
+452.0000E-06,+176.2719830E-03,-5.2606783E-03
+452.5000E-06,+175.0785157E-03,-5.3234924E-03
+453.0000E-06,+173.5709780E-03,-5.3863065E-03
+453.5000E-06,+171.6551489E-03,-5.1036432E-03
+454.0000E-06,+170.2732394E-03,-5.3234924E-03
+454.5000E-06,+168.8913298E-03,-5.2606783E-03
+455.0000E-06,+167.9177118E-03,-5.3234924E-03
+455.5000E-06,+166.3473600E-03,-5.4177135E-03
+456.0000E-06,+164.8398224E-03,-5.4491205E-03
+456.5000E-06,+163.2066565E-03,-5.4805276E-03
+457.0000E-06,+161.6048978E-03,-5.3863065E-03
+457.5000E-06,+160.6312797E-03,-5.3234924E-03
+458.0000E-06,+159.5006264E-03,-5.3234924E-03
+458.5000E-06,+157.9930888E-03,-5.2920854E-03
+459.0000E-06,+156.2342948E-03,-5.3234924E-03
+459.5000E-06,+154.5697220E-03,-5.2920854E-03
+460.0000E-06,+153.1878124E-03,-5.3863065E-03
+460.5000E-06,+151.8059029E-03,-5.3548994E-03
+461.0000E-06,+150.4554004E-03,-5.3234924E-03
+461.5000E-06,+148.5709783E-03,-5.2920854E-03
+462.0000E-06,+146.9378125E-03,-5.2292713E-03
+462.5000E-06,+145.4930889E-03,-5.2920854E-03
+463.0000E-06,+144.3624356E-03,-5.4177135E-03
+463.5000E-06,+143.3260035E-03,-5.3234924E-03
+464.0000E-06,+141.7242447E-03,-5.4491205E-03
+464.5000E-06,+140.2167070E-03,-5.5433416E-03
+465.0000E-06,+138.6149483E-03,-5.1350502E-03
+465.5000E-06,+137.2016317E-03,-5.3548994E-03
+466.0000E-06,+135.7569081E-03,-5.2920854E-03
+466.5000E-06,+134.3435915E-03,-5.3548994E-03
+467.0000E-06,+132.6476116E-03,-5.4177135E-03
+467.5000E-06,+130.8888177E-03,-5.4805276E-03
+468.0000E-06,+129.0986167E-03,-5.5433416E-03
+468.5000E-06,+127.6538931E-03,-5.4491205E-03
+469.0000E-06,+126.5546469E-03,-5.2920854E-03
+469.5000E-06,+124.6388178E-03,-5.4491205E-03
+470.0000E-06,+122.8800238E-03,-5.3234924E-03
+470.5000E-06,+121.2154510E-03,-5.4177135E-03
+471.0000E-06,+119.9277625E-03,-5.4491205E-03
+471.5000E-06,+118.5772600E-03,-5.4177135E-03
+472.0000E-06,+116.9440942E-03,-5.2920854E-03
+472.5000E-06,+115.0910792E-03,-5.3234924E-03
+473.0000E-06,+113.4893204E-03,-5.3234924E-03
+473.5000E-06,+112.1388179E-03,-5.3234924E-03
+474.0000E-06,+110.5056521E-03,-5.3234924E-03
+474.5000E-06,+109.1237425E-03,-5.4491205E-03
+475.0000E-06,+107.3021345E-03,-5.5119346E-03
+475.5000E-06,+105.7317828E-03,-5.3863065E-03
+476.0000E-06,+104.6011295E-03,-5.4177135E-03
+476.5000E-06,+103.4704763E-03,-5.5433416E-03
+477.0000E-06,+102.2456019E-03,-5.5433416E-03
+477.5000E-06,+100.6438431E-03,-5.3863065E-03
+478.0000E-06,+99.1048984E-03,-5.2920854E-03
+478.5000E-06,+97.4089186E-03,-5.3234924E-03
+479.0000E-06,+96.0584161E-03,-5.4491205E-03
+479.5000E-06,+94.8649487E-03,-5.3234924E-03
+480.0000E-06,+93.1689689E-03,-5.3234924E-03
+480.5000E-06,+91.2845468E-03,-5.2920854E-03
+481.0000E-06,+89.5885669E-03,-5.4177135E-03
+481.5000E-06,+88.1752503E-03,-5.5433416E-03
+482.0000E-06,+86.5106775E-03,-5.4177135E-03
+482.5000E-06,+84.6890694E-03,-5.4177135E-03
+483.0000E-06,+82.9302755E-03,-5.3863065E-03
+483.5000E-06,+81.1714815E-03,-5.4177135E-03
+484.0000E-06,+79.9466072E-03,-5.3863065E-03
+484.5000E-06,+78.6275117E-03,-5.2920854E-03
+485.0000E-06,+76.8373107E-03,-5.4177135E-03
+485.5000E-06,+74.9214816E-03,-5.2606783E-03
+486.0000E-06,+73.4767580E-03,-5.3863065E-03
+486.5000E-06,+72.0948485E-03,-5.3234924E-03
+487.0000E-06,+70.7757530E-03,-5.3234924E-03
+487.5000E-06,+69.3310294E-03,-5.5119346E-03
+488.0000E-06,+67.4780144E-03,-5.3234924E-03
+488.5000E-06,+65.9076626E-03,-5.3548994E-03
+489.0000E-06,+64.6199742E-03,-5.5119346E-03
+489.5000E-06,+63.2380646E-03,-5.3548994E-03
+490.0000E-06,+61.6048988E-03,-5.5433416E-03
+490.5000E-06,+60.1287682E-03,-5.5433416E-03
+491.0000E-06,+58.3071602E-03,-5.2920854E-03
+491.5000E-06,+56.7682155E-03,-5.5747487E-03
+492.0000E-06,+55.3548989E-03,-5.5747487E-03
+492.5000E-06,+53.8473612E-03,-5.3863065E-03
+493.0000E-06,+52.0885673E-03,-5.4491205E-03
+493.5000E-06,+50.2983663E-03,-5.4177135E-03
+494.0000E-06,+48.9164568E-03,-5.3234924E-03
+494.5000E-06,+47.4403261E-03,-5.4177135E-03
+495.0000E-06,+46.1526377E-03,-5.4177135E-03
+495.5000E-06,+44.3310297E-03,-5.4177135E-03
+496.0000E-06,+42.4780146E-03,-5.3548994E-03
+496.5000E-06,+41.0332910E-03,-5.3234924E-03
+497.0000E-06,+39.9026378E-03,-5.3863065E-03
+497.5000E-06,+38.4893212E-03,-5.5433416E-03
+498.0000E-06,+37.1388187E-03,-5.4177135E-03
+498.5000E-06,+35.2229896E-03,-5.3234924E-03
+499.0000E-06,+33.5270097E-03,-5.4177135E-03
+499.5000E-06,+31.9880650E-03,-5.4177135E-03
+500.0000E-06,+30.5747484E-03,-5.6375628E-03
+500.5000E-06,+28.9415826E-03,-5.3548994E-03
+501.0000E-06,+26.9943464E-03,-5.3548994E-03
+501.5000E-06,+25.3925877E-03,-5.2606783E-03
+502.0000E-06,+23.8850500E-03,-5.3234924E-03
+502.5000E-06,+22.7229897E-03,-5.5433416E-03
+503.0000E-06,+20.9956028E-03,-5.5433416E-03
+503.5000E-06,+19.0797737E-03,-5.4491205E-03
+504.0000E-06,+17.3837938E-03,-5.2920854E-03
+504.5000E-06,+16.0332913E-03,-5.3863065E-03
+505.0000E-06,+14.5257536E-03,-5.4805276E-03
+505.5000E-06,+13.1124370E-03,-5.5119346E-03
+506.0000E-06,+11.3222361E-03,-5.4177135E-03
+506.5000E-06,+9.3435929E-03,-5.4805276E-03
+507.0000E-06,+8.3699748E-03,-5.4491205E-03
+507.5000E-06,+7.2393215E-03,-5.5747487E-03
+508.0000E-06,+5.8888190E-03,-5.5119346E-03
+508.5000E-06,+4.1614321E-03,-5.3863065E-03
+509.0000E-06,+2.3398241E-03,-5.4177135E-03
+509.5000E-06,+863.6935E-06,-5.2920854E-03
+510.0000E-06,-235.5528E-06,-5.2606783E-03
+510.5000E-06,-1.7430904E-03,-5.3234924E-03
+511.0000E-06,-3.1564070E-03,-5.3863065E-03
+511.5000E-06,-4.9780150E-03,-5.3863065E-03
+512.0000E-06,-6.6111808E-03,-5.5119346E-03
+512.5000E-06,-8.2443466E-03,-5.2606783E-03
+513.0000E-06,-9.4064069E-03,-5.3548994E-03
+513.5000E-06,-11.0709798E-03,-5.4805276E-03
+514.0000E-06,-13.3008793E-03,-5.5119346E-03
+514.5000E-06,-14.8398240E-03,-5.4491205E-03
+515.0000E-06,-16.0332913E-03,-5.2920854E-03
+515.5000E-06,-17.2267586E-03,-5.3548994E-03
+516.0000E-06,-18.9227385E-03,-5.3234924E-03
+516.5000E-06,-20.4616832E-03,-5.2606783E-03
+517.0000E-06,-22.3775123E-03,-5.4491205E-03
+517.5000E-06,-23.8222359E-03,-5.3548994E-03
+518.0000E-06,-25.0785173E-03,-5.2292713E-03
+518.5000E-06,-26.4290198E-03,-5.2292713E-03
+519.0000E-06,-28.1564067E-03,-5.1350502E-03
+519.5000E-06,-29.9466077E-03,-4.8523869E-03
+520.0000E-06,-31.4541454E-03,-4.6639447E-03
+520.5000E-06,-32.6162057E-03,-4.0672110E-03
+521.0000E-06,-33.9353011E-03,-3.2820351E-03
+521.5000E-06,-35.6940951E-03,-1.1463568E-03
+522.0000E-06,-37.5785172E-03,+2.5282663E-03
+522.5000E-06,-39.2430900E-03,+8.1815326E-03
+523.0000E-06,-40.6878136E-03,+15.5935928E-03
+523.5000E-06,-41.8184669E-03,+23.6337937E-03
+524.0000E-06,-43.4516327E-03,+29.9466077E-03
+524.5000E-06,-45.5559040E-03,+33.7154519E-03
+525.0000E-06,-47.1576628E-03,+35.1287685E-03
+525.5000E-06,-48.2569090E-03,+35.1915825E-03
+526.0000E-06,-49.4503764E-03,+35.1601755E-03
+526.5000E-06,-50.8951000E-03,+35.6312810E-03
+527.0000E-06,-52.6538939E-03,+36.9189695E-03
+527.5000E-06,-54.5697230E-03,+38.7405775E-03
+528.0000E-06,-55.9830396E-03,+40.8762558E-03
+528.5000E-06,-57.3335421E-03,+42.8863061E-03
+529.0000E-06,-58.8410798E-03,+44.7707282E-03
+529.5000E-06,-60.6940948E-03,+46.3724869E-03
+530.0000E-06,-62.6727380E-03,+47.7858035E-03
+530.5000E-06,-64.0860546E-03,+49.3875623E-03
+531.0000E-06,-65.6249993E-03,+50.8322859E-03
+531.5000E-06,-67.1011299E-03,+52.4340447E-03
+532.0000E-06,-68.9855520E-03,+54.0986175E-03
+532.5000E-06,-70.7443460E-03,+55.8574115E-03
+533.0000E-06,-72.2204766E-03,+57.3021351E-03
+533.5000E-06,-73.4453510E-03,+59.0923361E-03
+534.0000E-06,-75.0471097E-03,+60.6626878E-03
+534.5000E-06,-76.6174615E-03,+62.2958536E-03
+535.0000E-06,-78.4390695E-03,+63.8033913E-03
+535.5000E-06,-79.8523861E-03,+65.4679641E-03
+536.0000E-06,-81.0144464E-03,+67.0697229E-03
+536.5000E-06,-82.6476122E-03,+68.6714817E-03
+537.0000E-06,-84.1551499E-03,+70.2104264E-03
+537.5000E-06,-85.9139438E-03,+71.7807781E-03
+538.0000E-06,-87.6099237E-03,+73.4767580E-03
+538.5000E-06,-88.9918332E-03,+75.0157027E-03
+539.0000E-06,-90.4051498E-03,+76.6488685E-03
+539.5000E-06,-92.0383156E-03,+78.1564062E-03
+540.0000E-06,-94.0483658E-03,+79.7581650E-03
+540.5000E-06,-95.4616824E-03,+81.3599238E-03
+541.0000E-06,-96.6865568E-03,+83.1815318E-03
+541.5000E-06,-97.9742452E-03,+84.6262554E-03
+542.0000E-06,-99.5131899E-03,+86.1337930E-03
+542.5000E-06,-101.4290190E-03,+87.6099237E-03
+543.0000E-06,-103.0307778E-03,+89.2116825E-03
+543.5000E-06,-104.3184662E-03,+90.8762553E-03
+544.0000E-06,-105.9830391E-03,+92.5094211E-03
+544.5000E-06,-107.5219838E-03,+94.1111799E-03
+545.0000E-06,-109.3749988E-03,+95.6187176E-03
+545.5000E-06,-110.8825365E-03,+97.3146975E-03
+546.0000E-06,-112.4214812E-03,+98.8536422E-03
+546.5000E-06,-114.0232400E-03,+100.2983658E-03
+547.0000E-06,-115.4051495E-03,+101.6174612E-03
+547.5000E-06,-117.2895716E-03,+103.3134411E-03
+548.0000E-06,-118.9541445E-03,+105.0094210E-03
+548.5000E-06,-120.3674610E-03,+106.7054009E-03
+549.0000E-06,-121.7493706E-03,+108.3071596E-03
+549.5000E-06,-123.2883153E-03,+109.7204762E-03
+550.0000E-06,-124.9214811E-03,+111.4792702E-03
+550.5000E-06,-126.9629383E-03,+112.8925867E-03
+551.0000E-06,-128.1249986E-03,+114.5885666E-03
+551.5000E-06,-129.3184660E-03,+116.0332902E-03
+552.0000E-06,-130.8574107E-03,+117.6978631E-03
+552.5000E-06,-132.3963554E-03,+119.1739937E-03
+553.0000E-06,-134.0923352E-03,+120.7443454E-03
+553.5000E-06,-135.6626870E-03,+122.1890690E-03
+554.0000E-06,-136.9189684E-03,+123.7908278E-03
+554.5000E-06,-138.3322850E-03,+125.4554007E-03
+555.0000E-06,-139.9968578E-03,+126.8373102E-03
+555.5000E-06,-141.8184658E-03,+128.4076619E-03
+556.0000E-06,-143.2945965E-03,+129.9466066E-03
+556.5000E-06,-144.5822849E-03,+131.3913303E-03
+557.0000E-06,-145.6501241E-03,+133.0244961E-03
+557.5000E-06,-147.2518828E-03,+134.2179634E-03
+558.0000E-06,-148.6651994E-03,+135.7883151E-03
+558.5000E-06,-150.6438426E-03,+137.1702247E-03
+559.0000E-06,-152.2456014E-03,+138.9290186E-03
+559.5000E-06,-153.4704757E-03,+140.4051493E-03
+560.0000E-06,-155.0408275E-03,+141.6614306E-03
+560.5000E-06,-156.5483652E-03,+142.9805261E-03
+561.0000E-06,-158.5270084E-03,+144.4252497E-03
+561.5000E-06,-159.9717320E-03,+145.8699733E-03
+562.0000E-06,-161.1651993E-03,+147.5031391E-03
+562.5000E-06,-162.4842947E-03,+148.6651994E-03
+563.0000E-06,-163.8347972E-03,+150.2983652E-03
+563.5000E-06,-165.6878123E-03,+151.6174607E-03
+564.0000E-06,-167.2267570E-03,+153.2820335E-03
+564.5000E-06,-168.5144454E-03,+154.5697220E-03
+565.0000E-06,-169.6765057E-03,+155.8888174E-03
+565.5000E-06,-170.9641941E-03,+157.4591692E-03
+566.0000E-06,-172.3146966E-03,+158.8096717E-03
+566.5000E-06,-174.1048976E-03,+160.4428375E-03
+567.0000E-06,-175.6124353E-03,+161.7933400E-03
+567.5000E-06,-176.9629378E-03,+163.2066565E-03
+568.0000E-06,-177.9993700E-03,+164.6199731E-03
+568.5000E-06,-179.4755006E-03,+166.1903249E-03
+569.0000E-06,-181.1400734E-03,+167.8548977E-03
+569.5000E-06,-182.7418322E-03,+169.3310283E-03
+570.0000E-06,-184.3435910E-03,+170.4930886E-03
+570.5000E-06,-185.5056513E-03,+172.0006263E-03
+571.0000E-06,-187.1388171E-03,+173.3825358E-03
+571.5000E-06,-188.6777618E-03,+175.2041439E-03
+572.0000E-06,-190.3423346E-03,+176.5860534E-03
+572.5000E-06,-192.0069075E-03,+177.8423348E-03
+573.0000E-06,-193.3574100E-03,+179.1928373E-03
+573.5000E-06,-194.8021336E-03,+180.8260031E-03
+574.0000E-06,-196.3096713E-03,+182.3963548E-03
+574.5000E-06,-198.1940934E-03,+183.9667066E-03
+575.0000E-06,-199.5445959E-03,+185.4114302E-03
+575.5000E-06,-200.8636913E-03,+186.8561538E-03
+576.0000E-06,-202.0885657E-03,+188.3322844E-03
+576.5000E-06,-203.4704752E-03,+189.8398221E-03
+577.0000E-06,-205.1664551E-03,+191.2845457E-03
+577.5000E-06,-206.5483646E-03,+192.7292693E-03
+578.0000E-06,-208.1187164E-03,+194.0483648E-03
+578.5000E-06,-209.1551485E-03,+195.4616813E-03
+579.0000E-06,-210.5684651E-03,+197.1576612E-03
+579.5000E-06,-212.0445957E-03,+198.6651989E-03
+580.0000E-06,-213.7719826E-03,+199.7958521E-03
+580.5000E-06,-215.5307766E-03,+201.4604250E-03
+581.0000E-06,-216.6300228E-03,+202.7795204E-03
+581.5000E-06,-218.1061534E-03,+204.3498722E-03
+582.0000E-06,-219.1111786E-03,+205.8574099E-03
+582.5000E-06,-220.7757514E-03,+207.2707264E-03
+583.0000E-06,-222.2832891E-03,+208.5270078E-03
+583.5000E-06,-223.8222338E-03,+209.9717314E-03
+584.0000E-06,-224.9528870E-03,+211.4164550E-03
+584.5000E-06,-226.1149473E-03,+212.9553997E-03
+585.0000E-06,-227.4026358E-03,+214.2430882E-03
+585.5000E-06,-229.0358016E-03,+215.6564047E-03
+586.0000E-06,-230.8574096E-03,+217.1325354E-03
+586.5000E-06,-232.1136910E-03,+218.6086660E-03
+587.0000E-06,-233.5270075E-03,+219.9905755E-03
+587.5000E-06,-234.4692186E-03,+221.5923343E-03
+588.0000E-06,-235.8511281E-03,+222.9742438E-03
+588.5000E-06,-237.6099221E-03,+224.3247463E-03
+589.0000E-06,-239.2116809E-03,+225.7694699E-03
+589.5000E-06,-240.6878115E-03,+227.0571584E-03
+590.0000E-06,-241.8184647E-03,+228.5018820E-03
+590.5000E-06,-243.2631883E-03,+229.9151985E-03
+591.0000E-06,-244.3310275E-03,+231.3599221E-03
+591.5000E-06,-246.1212285E-03,+232.9616809E-03
+592.0000E-06,-247.5659521E-03,+234.1865553E-03
+592.5000E-06,-248.6966054E-03,+235.6626859E-03
+593.0000E-06,-249.8900727E-03,+237.0131884E-03
+593.5000E-06,-250.9893189E-03,+238.5835402E-03
+594.0000E-06,-252.4968566E-03,+239.9026356E-03
+594.5000E-06,-254.3498716E-03,+241.2531381E-03
+595.0000E-06,-255.9202234E-03,+242.6036406E-03
+595.5000E-06,-257.3021329E-03,+244.0797713E-03
+596.0000E-06,-258.4641932E-03,+245.6187160E-03
+596.5000E-06,-260.1287661E-03,+246.7179622E-03
+597.0000E-06,-261.7619319E-03,+248.2569069E-03
+597.5000E-06,-263.4579118E-03,+249.7016305E-03
+598.0000E-06,-264.5257509E-03,+251.0207260E-03
+598.5000E-06,-265.5935901E-03,+252.2770073E-03
+599.0000E-06,-266.9126856E-03,+253.6275098E-03
+599.5000E-06,-267.8548966E-03,+254.8523842E-03
+600.0000E-06,-269.4880624E-03,+256.3599219E-03
+600.5000E-06,-270.9641931E-03,+257.6476103E-03
+601.0000E-06,-272.4403237E-03,+258.9667058E-03
+601.5000E-06,-273.5709770E-03,+260.1915801E-03
+602.0000E-06,-274.9214795E-03,+261.6048967E-03
+602.5000E-06,-276.0521327E-03,+262.9239922E-03
+603.0000E-06,-277.5910774E-03,+264.1802736E-03
+603.5000E-06,-279.1300221E-03,+265.4993690E-03
+604.0000E-06,-280.5119317E-03,+266.6928363E-03
+604.5000E-06,-281.5483638E-03,+268.0747459E-03
+605.0000E-06,-282.7418311E-03,+269.4252484E-03
+605.5000E-06,-284.0609266E-03,+270.7757509E-03
+606.0000E-06,-285.2543939E-03,+271.9692182E-03
+606.5000E-06,-286.8247457E-03,+273.5395699E-03
+607.0000E-06,-288.5207256E-03,+274.7016302E-03
+607.5000E-06,-289.5885647E-03,+275.9265046E-03
+608.0000E-06,-290.6249969E-03,+277.4026352E-03
+608.5000E-06,-291.9126853E-03,+278.9101729E-03
+609.0000E-06,-293.1375597E-03,+280.1978613E-03
+609.5000E-06,-294.8335396E-03,+281.4541427E-03
+610.0000E-06,-296.4667054E-03,+282.7418311E-03
+610.5000E-06,-297.3461023E-03,+284.2179618E-03
+611.0000E-06,-298.2254993E-03,+285.2858010E-03
+611.5000E-06,-299.2933385E-03,+286.6677105E-03
+612.0000E-06,-300.6438410E-03,+287.9553989E-03
+612.5000E-06,-302.3398209E-03,+289.1174592E-03
+613.0000E-06,-303.5961023E-03,+290.3109265E-03
+613.5000E-06,-305.0094188E-03,+291.6928361E-03
+614.0000E-06,-306.1086651E-03,+292.9805245E-03
+614.5000E-06,-307.1450972E-03,+294.4880622E-03
+615.0000E-06,-308.5270067E-03,+295.4616803E-03
+615.5000E-06,-310.1601726E-03,+296.6551476E-03
+616.0000E-06,-311.6048962E-03,+297.8800219E-03
+616.5000E-06,-312.7669564E-03,+299.3875596E-03
+617.0000E-06,-313.9918308E-03,+300.3925847E-03
+617.5000E-06,-315.1538911E-03,+301.7116802E-03
+618.0000E-06,-316.3787655E-03,+302.9679616E-03
+618.5000E-06,-318.0119313E-03,+304.3498711E-03
+619.0000E-06,-319.3938408E-03,+305.4177103E-03
+619.5000E-06,-320.6501222E-03,+306.8624339E-03
+620.0000E-06,-321.6237403E-03,+308.2129364E-03
+620.5000E-06,-322.6601724E-03,+309.4378108E-03
+621.0000E-06,-323.6023835E-03,+310.6940921E-03
+621.5000E-06,-324.9528860E-03,+311.8875595E-03
+622.0000E-06,-326.5860518E-03,+313.1438409E-03
+622.5000E-06,-327.9051472E-03,+314.4315293E-03
+623.0000E-06,-329.1300216E-03,+315.8134388E-03
+623.5000E-06,-329.9780115E-03,+316.8498710E-03
+624.0000E-06,-331.0144437E-03,+318.0433383E-03
+624.5000E-06,-332.2393180E-03,+319.3310267E-03
+625.0000E-06,-333.5270065E-03,+320.5873081E-03
+625.5000E-06,-334.8146949E-03,+321.8121825E-03
+626.0000E-06,-336.2280115E-03,+322.7858006E-03
+626.5000E-06,-337.2016296E-03,+324.1048960E-03
+627.0000E-06,-338.1438406E-03,+325.2669563E-03
+627.5000E-06,-339.0232376E-03,+326.4290166E-03
+628.0000E-06,-340.2167049E-03,+327.6538910E-03
+628.5000E-06,-341.7870566E-03,+328.7217301E-03
+629.0000E-06,-342.8234888E-03,+329.8837904E-03
+629.5000E-06,-344.2053983E-03,+331.2028859E-03
+630.0000E-06,-345.3988656E-03,+332.2393180E-03
+630.5000E-06,-346.4352978E-03,+333.3385643E-03
+631.0000E-06,-347.4089159E-03,+334.6262527E-03
+631.5000E-06,-348.8222324E-03,+335.5056497E-03
+632.0000E-06,-350.1099209E-03,+336.6991170E-03
+632.5000E-06,-351.2405741E-03,+337.8611773E-03
+633.0000E-06,-352.6224837E-03,+338.9604235E-03
+633.5000E-06,-353.5646947E-03,+340.1538908E-03
+634.0000E-06,-354.2556495E-03,+341.1903230E-03
+634.5000E-06,-355.2292676E-03,+342.2581622E-03
+635.0000E-06,-356.2656997E-03,+343.6400717E-03
+635.5000E-06,-357.6790163E-03,+344.6450968E-03
+636.0000E-06,-359.2179610E-03,+345.9641923E-03
+636.5000E-06,-360.3172072E-03,+347.0634385E-03
+637.0000E-06,-361.4164534E-03,+348.0998706E-03
+637.5000E-06,-362.1074082E-03,+349.3875591E-03
+638.0000E-06,-362.9239911E-03,+350.4239912E-03
+638.5000E-06,-364.1802725E-03,+351.4918304E-03
+639.0000E-06,-365.4051468E-03,+352.5910766E-03
+639.5000E-06,-366.6300212E-03,+353.8159510E-03
+640.0000E-06,-368.0119307E-03,+354.9780113E-03
+640.5000E-06,-369.1111770E-03,+355.9202223E-03
+641.0000E-06,-369.9591669E-03,+356.9880615E-03
+641.5000E-06,-371.0898201E-03,+358.1815288E-03
+642.0000E-06,-371.9378101E-03,+359.4064032E-03
+642.5000E-06,-373.1312774E-03,+360.3172072E-03
+643.0000E-06,-374.4503729E-03,+361.3850464E-03
+643.5000E-06,-375.7380613E-03,+362.4842926E-03
+644.0000E-06,-377.0257497E-03,+363.5207247E-03
+644.5000E-06,-377.7481115E-03,+364.7770061E-03
+645.0000E-06,-378.5961015E-03,+365.7506242E-03
+645.5000E-06,-379.5069055E-03,+366.7242423E-03
+646.0000E-06,-380.5433376E-03,+367.8234885E-03
+646.5000E-06,-382.0194683E-03,+368.8913277E-03
+647.0000E-06,-382.9302723E-03,+369.9277599E-03
+647.5000E-06,-384.3435888E-03,+370.7757498E-03
+648.0000E-06,-385.3486140E-03,+371.8435890E-03
+648.5000E-06,-386.0395687E-03,+372.8800211E-03
+649.0000E-06,-386.7619305E-03,+374.0734885E-03
+649.5000E-06,-387.4214783E-03,+374.7330362E-03
+650.0000E-06,-388.4893174E-03,+375.7380613E-03
+650.5000E-06,-389.4315285E-03,+376.8059005E-03
+651.0000E-06,-391.0961013E-03,+378.0307748E-03
+651.5000E-06,-392.0383124E-03,+378.9415789E-03
+652.0000E-06,-393.1061516E-03,+380.1350462E-03
+652.5000E-06,-393.8599204E-03,+380.9516291E-03
+653.0000E-06,-394.5508752E-03,+381.7682120E-03
+653.5000E-06,-395.1476088E-03,+382.8988652E-03
+654.0000E-06,-396.5295184E-03,+383.6840411E-03
+654.5000E-06,-397.2518802E-03,+384.8146944E-03
+655.0000E-06,-398.6023827E-03,+385.8511265E-03
+655.5000E-06,-399.6074078E-03,+386.7619305E-03
+656.0000E-06,-400.6752470E-03,+387.7041416E-03
+656.5000E-06,-401.6174580E-03,+388.6463526E-03
+657.0000E-06,-402.5596691E-03,+389.6827848E-03
+657.5000E-06,-403.1249957E-03,+390.7192169E-03
+658.0000E-06,-404.0672067E-03,+391.5357998E-03
+658.5000E-06,-405.1978600E-03,+392.6036390E-03
+659.0000E-06,-406.2028851E-03,+393.7028852E-03
+659.5000E-06,-407.2707243E-03,+394.4880611E-03
+660.0000E-06,-408.4955986E-03,+395.3674581E-03
+660.5000E-06,-409.4064027E-03,+396.3096691E-03
+661.0000E-06,-410.2229856E-03,+397.2204731E-03
+661.5000E-06,-410.9139403E-03,+398.1626842E-03
+662.0000E-06,-411.6991162E-03,+399.1048952E-03
+662.5000E-06,-412.5471061E-03,+400.0471063E-03
+663.0000E-06,-413.7719805E-03,+400.8636892E-03
+663.5000E-06,-414.9026337E-03,+401.8373073E-03
+664.0000E-06,-415.9704729E-03,+402.7795183E-03
+664.5000E-06,-416.8498699E-03,+403.6275082E-03
+665.0000E-06,-417.6978598E-03,+404.5697193E-03
+665.5000E-06,-418.3260005E-03,+405.3548952E-03
+666.0000E-06,-419.1111764E-03,+406.3599203E-03
+666.5000E-06,-419.7393171E-03,+407.2707243E-03
+667.0000E-06,-420.5559000E-03,+408.2757494E-03
+667.5000E-06,-421.7807744E-03,+409.0609253E-03
+668.0000E-06,-422.6601714E-03,+409.8146941E-03
+668.5000E-06,-423.7594176E-03,+410.5998700E-03
+669.0000E-06,-424.7644427E-03,+411.5734881E-03
+669.5000E-06,-425.4868045E-03,+412.6727343E-03
+670.0000E-06,-426.1463522E-03,+413.3322820E-03
+670.5000E-06,-426.6802718E-03,+414.1802719E-03
+671.0000E-06,-427.5282618E-03,+415.0596689E-03
+671.5000E-06,-428.2506236E-03,+415.9076589E-03
+672.0000E-06,-429.0357994E-03,+416.6614277E-03
+672.5000E-06,-430.2606738E-03,+417.7606739E-03
+673.0000E-06,-431.1400708E-03,+418.3260005E-03
+673.5000E-06,-432.0508748E-03,+419.3310257E-03
+674.0000E-06,-432.8360506E-03,+420.0533875E-03
+674.5000E-06,-433.5270054E-03,+420.9641915E-03
+675.0000E-06,-434.3435883E-03,+421.7493673E-03
+675.5000E-06,-434.8461009E-03,+422.5031362E-03
+676.0000E-06,-435.5998697E-03,+423.2569050E-03
+676.5000E-06,-436.2594174E-03,+424.0734879E-03
+677.0000E-06,-437.0131863E-03,+425.0471060E-03
+677.5000E-06,-437.9868044E-03,+425.5810256E-03
+678.0000E-06,-438.9290154E-03,+426.4918296E-03
+678.5000E-06,-439.8398194E-03,+427.4654477E-03
+679.0000E-06,-440.6564023E-03,+428.0935884E-03
+679.5000E-06,-441.5986134E-03,+428.7845431E-03
+680.0000E-06,-441.9754978E-03,+429.5383120E-03
+680.5000E-06,-442.7920807E-03,+430.3234879E-03
+681.0000E-06,-443.5772566E-03,+431.0144426E-03
+681.5000E-06,-444.4566535E-03,+431.7368044E-03
+682.0000E-06,-445.2732364E-03,+432.5847944E-03
+682.5000E-06,-446.2782616E-03,+433.3385632E-03
+683.0000E-06,-447.2518796E-03,+434.1865531E-03
+683.5000E-06,-448.1312766E-03,+434.9717290E-03
+684.0000E-06,-448.9164525E-03,+435.8825330E-03
+684.5000E-06,-449.5760002E-03,+436.4478596E-03
+685.0000E-06,-450.1099198E-03,+437.2016285E-03
+685.5000E-06,-450.7694675E-03,+437.7355481E-03
+686.0000E-06,-451.1149449E-03,+438.6777591E-03
+686.5000E-06,-451.7116786E-03,+439.2744928E-03
+687.0000E-06,-452.2770052E-03,+440.1224827E-03
+687.5000E-06,-453.0935881E-03,+440.8448445E-03
+688.0000E-06,-453.9729851E-03,+441.5043923E-03
+688.5000E-06,-454.8837891E-03,+442.2267541E-03
+689.0000E-06,-455.7317790E-03,+442.9177088E-03
+689.5000E-06,-456.5169549E-03,+443.7028847E-03
+690.0000E-06,-457.1136886E-03,+444.3310254E-03
+690.5000E-06,-457.8674574E-03,+444.7707239E-03
+691.0000E-06,-458.3071559E-03,+445.7443420E-03
+691.5000E-06,-458.9038896E-03,+446.5295178E-03
+692.0000E-06,-459.4378091E-03,+447.0948445E-03
+692.5000E-06,-460.2229850E-03,+447.8486133E-03
+693.0000E-06,-460.6940905E-03,+448.5395681E-03
+693.5000E-06,-461.4478594E-03,+449.2619299E-03
+694.0000E-06,-462.6099197E-03,+450.0156987E-03
+694.5000E-06,-463.3636885E-03,+450.5496183E-03
+695.0000E-06,-464.0546433E-03,+451.2719801E-03
+695.5000E-06,-464.7770051E-03,+451.9943419E-03
+696.0000E-06,-465.2795176E-03,+452.6224826E-03
+696.5000E-06,-465.9704724E-03,+453.2192163E-03
+697.0000E-06,-466.4729850E-03,+453.9101710E-03
+697.5000E-06,-466.8498694E-03,+454.4754976E-03
+698.0000E-06,-467.2267538E-03,+455.0722313E-03
+698.5000E-06,-467.7920804E-03,+455.7003720E-03
+699.0000E-06,-468.3888141E-03,+456.4541408E-03
+699.5000E-06,-469.1111759E-03,+456.9566534E-03
+700.0000E-06,-469.8963518E-03,+457.7104222E-03
+700.5000E-06,-470.5244924E-03,+458.4013770E-03
+701.0000E-06,-471.2468542E-03,+458.9981107E-03
+701.5000E-06,-472.0320301E-03,+459.5634373E-03
+702.0000E-06,-472.6601708E-03,+460.0973569E-03
+702.5000E-06,-473.2569045E-03,+460.6626835E-03
+703.0000E-06,-473.8222311E-03,+461.3536383E-03
+703.5000E-06,-474.2619296E-03,+461.8247438E-03
+704.0000E-06,-474.7016281E-03,+462.5156986E-03
+704.5000E-06,-475.1413266E-03,+463.1124322E-03
+705.0000E-06,-475.5810251E-03,+463.6463518E-03
+705.5000E-06,-476.1149446E-03,+464.1488644E-03
+706.0000E-06,-476.5860502E-03,+464.7455980E-03
+706.5000E-06,-477.3712260E-03,+464.9654473E-03
+707.0000E-06,-477.9051456E-03,+465.9076583E-03
+707.5000E-06,-478.6275074E-03,+466.3787638E-03
+708.0000E-06,-479.2242411E-03,+466.9440905E-03
+708.5000E-06,-479.9151959E-03,+467.5094171E-03
+709.0000E-06,-480.3863014E-03,+468.2317789E-03
+709.5000E-06,-480.9830350E-03,+468.5772563E-03
+710.0000E-06,-481.4227335E-03,+468.9227337E-03
+710.5000E-06,-481.9252461E-03,+469.5822814E-03
+711.0000E-06,-482.2707235E-03,+470.2104221E-03
+711.5000E-06,-482.6162009E-03,+470.5873065E-03
+712.0000E-06,-482.9616782E-03,+471.0584120E-03
+712.5000E-06,-483.4327838E-03,+471.4981105E-03
+713.0000E-06,-483.9038893E-03,+472.0634372E-03
+713.5000E-06,-484.2179596E-03,+472.6287638E-03
+714.0000E-06,-484.6262511E-03,+473.0370552E-03
+714.5000E-06,-485.2229848E-03,+473.5081608E-03
+715.0000E-06,-485.7569043E-03,+473.8850452E-03
+715.5000E-06,-486.3222310E-03,+474.4189648E-03
+716.0000E-06,-486.8247435E-03,+474.9528844E-03
+716.5000E-06,-487.4528842E-03,+475.4553969E-03
+717.0000E-06,-488.0182109E-03,+475.7066532E-03
+717.5000E-06,-488.3950953E-03,+476.2091658E-03
+718.0000E-06,-488.9604219E-03,+476.7744924E-03
+718.5000E-06,-489.4001204E-03,+477.2455979E-03
+719.0000E-06,-489.6513767E-03,+477.7167034E-03
+719.5000E-06,-490.0282611E-03,+477.9365527E-03
+720.0000E-06,-490.3423314E-03,+478.3762512E-03
+720.5000E-06,-490.6249947E-03,+478.9729848E-03
+721.0000E-06,-490.9390651E-03,+479.3812763E-03
+721.5000E-06,-491.1589143E-03,+479.8209748E-03
+722.0000E-06,-491.5357988E-03,+480.1036381E-03
+722.5000E-06,-491.9126832E-03,+480.4491155E-03
+723.0000E-06,-492.1639395E-03,+480.9516280E-03
+723.5000E-06,-492.6350450E-03,+481.4227335E-03
+724.0000E-06,-493.0433364E-03,+481.7682109E-03
+724.5000E-06,-493.4516279E-03,+481.9566531E-03
+725.0000E-06,-494.2053967E-03,+482.3649446E-03
+725.5000E-06,-494.3310249E-03,+482.8046431E-03
+726.0000E-06,-494.9277585E-03,+483.2443416E-03
+726.5000E-06,-495.3360500E-03,+483.7154471E-03
+727.0000E-06,-495.6501203E-03,+484.0295174E-03
+727.5000E-06,-496.2154469E-03,+484.3435878E-03
+728.0000E-06,-496.5609243E-03,+484.6890652E-03
+728.5000E-06,-497.0006228E-03,+485.1287636E-03
+729.0000E-06,-497.3146932E-03,+485.4742410E-03
+729.5000E-06,-497.5659494E-03,+485.7569043E-03
+730.0000E-06,-497.9742409E-03,+485.8511254E-03
+730.5000E-06,-498.0998690E-03,+486.3850450E-03
+731.0000E-06,-498.4453464E-03,+486.7619295E-03
+731.5000E-06,-498.6337886E-03,+487.1074068E-03
+732.0000E-06,-498.8850449E-03,+487.4214772E-03
+732.5000E-06,-499.0106730E-03,+487.6413264E-03
+733.0000E-06,-499.1991153E-03,+487.8611757E-03
+733.5000E-06,-499.5445926E-03,+488.2694671E-03
+734.0000E-06,-499.7644419E-03,+488.4893164E-03
+734.5000E-06,-499.9528841E-03,+488.6777586E-03
+735.0000E-06,-500.1727333E-03,+489.2744922E-03
+735.5000E-06,-500.4239896E-03,+489.3058993E-03
+736.0000E-06,-500.5810248E-03,+489.6827837E-03
+736.5000E-06,-501.0207233E-03,+489.9340400E-03
+737.0000E-06,-501.1149444E-03,+490.2481103E-03
+737.5000E-06,-501.3033866E-03,+490.5307736E-03
+738.0000E-06,-501.9629343E-03,+490.6249947E-03
+738.5000E-06,-502.3084117E-03,+490.7820299E-03
+739.0000E-06,-502.4026328E-03,+491.1589143E-03
+739.5000E-06,-502.9051454E-03,+491.4729847E-03
+740.0000E-06,-503.1249946E-03,+491.6614269E-03
+740.5000E-06,-503.1249946E-03,+491.9126832E-03
+741.0000E-06,-503.5332861E-03,+491.8498691E-03
+741.5000E-06,-503.7845423E-03,+492.0697183E-03
+742.0000E-06,-504.0043916E-03,+492.5408239E-03
+742.5000E-06,-504.1928338E-03,+492.7606731E-03
+743.0000E-06,-504.3812760E-03,+492.8234872E-03
+743.5000E-06,-504.7581604E-03,+493.1689646E-03
+744.0000E-06,-504.9151956E-03,+493.3259997E-03
+744.5000E-06,-504.9466026E-03,+493.5144420E-03
+745.0000E-06,-505.1978589E-03,+493.7028842E-03
+745.5000E-06,-505.4805222E-03,+493.7971053E-03
+746.0000E-06,-505.4805222E-03,+494.1111756E-03
+746.5000E-06,-505.5747433E-03,+494.3624319E-03
+747.0000E-06,-505.9202207E-03,+494.3938389E-03
+747.5000E-06,-505.9516277E-03,+494.5822811E-03
+748.0000E-06,-506.0144418E-03,+494.5822811E-03
+748.5000E-06,-506.2028840E-03,+494.9591656E-03
+749.0000E-06,-506.2971051E-03,+494.9591656E-03
+749.5000E-06,-506.3285122E-03,+494.8021304E-03
+750.0000E-06,-506.4855473E-03,+495.1476078E-03
+750.5000E-06,-506.5169544E-03,+495.1790148E-03
+751.0000E-06,-506.6425825E-03,+495.4930851E-03
+751.5000E-06,-506.6739895E-03,+495.5873062E-03
+752.0000E-06,-506.7053966E-03,+495.5873062E-03
+752.5000E-06,-506.7682107E-03,+495.8385625E-03
+753.0000E-06,-506.8938388E-03,+495.7443414E-03
+753.5000E-06,-506.9252458E-03,+495.9327836E-03
+754.0000E-06,-507.1450951E-03,+495.9641907E-03
+754.5000E-06,-507.1136880E-03,+496.0584118E-03
+755.0000E-06,-507.1765021E-03,+496.0270047E-03
+755.5000E-06,-507.3021302E-03,+496.4352962E-03
+756.0000E-06,-507.1450951E-03,+496.3724821E-03
+756.5000E-06,-507.2079091E-03,+496.3724821E-03
+757.0000E-06,-507.3963513E-03,+496.4038892E-03
+757.5000E-06,-507.3649443E-03,+496.4667032E-03
+758.0000E-06,-507.4277584E-03,+496.6237384E-03
+758.5000E-06,-507.4591654E-03,+496.8121806E-03
+759.0000E-06,-507.3021302E-03,+496.7493665E-03
+759.5000E-06,-507.4905725E-03,+496.5609243E-03
+760.0000E-06,-507.6162006E-03,+496.5923314E-03
+760.5000E-06,-507.5847936E-03,+496.6865525E-03
+761.0000E-06,-507.5219795E-03,+496.7493665E-03
+761.5000E-06,-507.6476076E-03,+496.9064017E-03
+762.0000E-06,-507.5219795E-03,+496.6237384E-03
+762.5000E-06,-507.6790147E-03,+496.7493665E-03
+763.0000E-06,-507.5847936E-03,+496.9378087E-03
+763.5000E-06,-507.6790147E-03,+497.0320299E-03
+764.0000E-06,-507.6790147E-03,+496.9064017E-03
+764.5000E-06,-507.6476076E-03,+496.8121806E-03
+765.0000E-06,-507.4905725E-03,+496.5923314E-03
+765.5000E-06,-507.4591654E-03,+496.8749947E-03
+766.0000E-06,-507.4277584E-03,+496.7179595E-03
+766.5000E-06,-507.3649443E-03,+496.5295173E-03
+767.0000E-06,-507.4905725E-03,+496.4038892E-03
+767.5000E-06,-507.4277584E-03,+496.6551454E-03
+768.0000E-06,-507.3649443E-03,+496.5295173E-03
+768.5000E-06,-507.2079091E-03,+496.4038892E-03
+769.0000E-06,-507.1765021E-03,+496.5609243E-03
+769.5000E-06,-507.1136880E-03,+496.3096681E-03
+770.0000E-06,-507.1136880E-03,+496.2468540E-03
+770.5000E-06,-507.1136880E-03,+496.4352962E-03
+771.0000E-06,-507.0822810E-03,+496.4038892E-03
+771.5000E-06,-506.9880599E-03,+495.9955977E-03
+772.0000E-06,-506.9252458E-03,+496.0270047E-03
+772.5000E-06,-506.8310247E-03,+495.9327836E-03
+773.0000E-06,-506.8310247E-03,+495.9013766E-03
+773.5000E-06,-506.6739895E-03,+495.7443414E-03
+774.0000E-06,-506.5797684E-03,+495.6815274E-03
+774.5000E-06,-506.5483614E-03,+495.6501203E-03
+775.0000E-06,-506.4855473E-03,+495.6187133E-03
+775.5000E-06,-506.4227333E-03,+495.3360500E-03
+776.0000E-06,-506.2971051E-03,+495.0533867E-03
+776.5000E-06,-506.2656981E-03,+494.9591656E-03
+777.0000E-06,-506.0772559E-03,+494.8649444E-03
+777.5000E-06,-505.9202207E-03,+494.7393163E-03
+778.0000E-06,-505.9202207E-03,+494.4880600E-03
+778.5000E-06,-505.7945926E-03,+494.3310249E-03
+779.0000E-06,-505.7003715E-03,+494.3624319E-03
+779.5000E-06,-505.3863011E-03,+494.1111756E-03
+780.0000E-06,-505.3234871E-03,+494.0483615E-03
+780.5000E-06,-505.1978589E-03,+493.7656982E-03
+781.0000E-06,-504.9151956E-03,+493.7656982E-03
+781.5000E-06,-504.6325323E-03,+493.5458490E-03
+782.0000E-06,-504.5383112E-03,+493.4202208E-03
+782.5000E-06,-504.3498690E-03,+493.2003716E-03
+783.0000E-06,-504.2242408E-03,+492.9805224E-03
+783.5000E-06,-503.8473564E-03,+492.6978590E-03
+784.0000E-06,-503.6903212E-03,+492.4780098E-03
+784.5000E-06,-503.3448439E-03,+492.2895676E-03
+785.0000E-06,-503.2192157E-03,+492.0697183E-03
+785.5000E-06,-502.7481102E-03,+491.9126832E-03
+786.0000E-06,-502.5596680E-03,+491.5357988E-03
+786.5000E-06,-502.3084117E-03,+491.2845425E-03
+787.0000E-06,-501.9943414E-03,+491.0646932E-03
+787.5000E-06,-501.5546429E-03,+490.9390651E-03
+788.0000E-06,-501.3662007E-03,+490.7192158E-03
+788.5000E-06,-501.1777585E-03,+490.3423314E-03
+789.0000E-06,-500.8322811E-03,+490.0910752E-03
+789.5000E-06,-500.4239896E-03,+490.0910752E-03
+790.0000E-06,-500.1413263E-03,+489.6199696E-03
+790.5000E-06,-499.9842911E-03,+489.2744922E-03
+791.0000E-06,-499.6074067E-03,+489.1174571E-03
+791.5000E-06,-499.5759997E-03,+488.8662008E-03
+792.0000E-06,-499.3561504E-03,+488.5521304E-03
+792.5000E-06,-499.1363012E-03,+488.1752460E-03
+793.0000E-06,-498.7908238E-03,+487.8925827E-03
+793.5000E-06,-498.6023816E-03,+487.7041405E-03
+794.0000E-06,-498.4139394E-03,+487.6099194E-03
+794.5000E-06,-498.0370550E-03,+487.0759998E-03
+795.0000E-06,-497.9742409E-03,+486.8247435E-03
+795.5000E-06,-497.6601705E-03,+486.4164521E-03
+796.0000E-06,-497.4403213E-03,+486.1337888E-03
+796.5000E-06,-497.1890650E-03,+485.6626832E-03
+797.0000E-06,-496.5923314E-03,+485.2857988E-03
+797.5000E-06,-496.2468540E-03,+485.0031355E-03
+798.0000E-06,-495.9955977E-03,+484.7204722E-03
+798.5000E-06,-495.4930851E-03,+484.2493667E-03
+799.0000E-06,-495.1790148E-03,+484.0295174E-03
+799.5000E-06,-494.4252460E-03,+483.7154471E-03
+800.0000E-06,-493.7971053E-03,+483.1815275E-03
+800.5000E-06,-493.6714771E-03,+482.7732360E-03
+801.0000E-06,-493.2003716E-03,+482.5219798E-03
+801.5000E-06,-492.7920801E-03,+482.0822813E-03
+802.0000E-06,-492.3837887E-03,+481.7996180E-03
+802.5000E-06,-492.1011254E-03,+481.3285124E-03
+803.0000E-06,-491.5672058E-03,+480.7945928E-03
+803.5000E-06,-491.4101706E-03,+480.5433366E-03
+804.0000E-06,-491.0332862E-03,+480.1664521E-03
+804.5000E-06,-490.7820299E-03,+479.7581607E-03
+805.0000E-06,-490.4679596E-03,+479.3812763E-03
+805.5000E-06,-490.1538892E-03,+478.9101708E-03
+806.0000E-06,-489.9026329E-03,+478.6275074E-03
+806.5000E-06,-489.4943415E-03,+478.1564019E-03
+807.0000E-06,-489.0860500E-03,+477.8109245E-03
+807.5000E-06,-488.5521304E-03,+477.1827838E-03
+808.0000E-06,-488.1438390E-03,+476.7116783E-03
+808.5000E-06,-487.8925827E-03,+476.0521306E-03
+809.0000E-06,-487.2330350E-03,+475.9265024E-03
+809.5000E-06,-486.5106732E-03,+475.2355477E-03
+810.0000E-06,-486.1966028E-03,+475.1413266E-03
+810.5000E-06,-485.5370551E-03,+474.4189648E-03
+811.0000E-06,-484.8775074E-03,+473.9164522E-03
+811.5000E-06,-484.5006230E-03,+473.5395678E-03
+812.0000E-06,-484.0295174E-03,+473.0370552E-03
+812.5000E-06,-483.6840400E-03,+472.6287638E-03
+813.0000E-06,-483.2129345E-03,+472.0634372E-03
+813.5000E-06,-482.8360501E-03,+471.6865527E-03
+814.0000E-06,-482.5847938E-03,+471.0270050E-03
+814.5000E-06,-482.2079094E-03,+470.7129347E-03
+815.0000E-06,-481.7053969E-03,+469.9591658E-03
+815.5000E-06,-481.3913265E-03,+469.4880603E-03
+816.0000E-06,-480.7003717E-03,+468.9541407E-03
+816.5000E-06,-480.1350451E-03,+468.4202211E-03
+817.0000E-06,-479.5069044E-03,+467.9177086E-03
+817.5000E-06,-478.8787637E-03,+467.5408241E-03
+818.0000E-06,-478.3448441E-03,+467.1325327E-03
+818.5000E-06,-477.7795175E-03,+466.4101709E-03
+819.0000E-06,-476.8687135E-03,+465.9390654E-03
+819.5000E-06,-476.3033869E-03,+465.3109247E-03
+820.0000E-06,-475.8636884E-03,+464.8398191E-03
+820.5000E-06,-475.2669547E-03,+464.2116784E-03
+821.0000E-06,-474.7644422E-03,+463.7091659E-03
+821.5000E-06,-474.3561507E-03,+463.0810252E-03
+822.0000E-06,-474.1048944E-03,+462.4214775E-03
+822.5000E-06,-473.5395678E-03,+461.9189649E-03
+823.0000E-06,-472.8800201E-03,+461.3536383E-03
+823.5000E-06,-472.0634372E-03,+460.6940905E-03
+824.0000E-06,-471.5609246E-03,+460.1287639E-03
+824.5000E-06,-470.7129347E-03,+459.4378091E-03
+825.0000E-06,-469.9277588E-03,+458.9981107E-03
+825.5000E-06,-469.0483618E-03,+458.3071559E-03
+826.0000E-06,-468.5772563E-03,+457.6476082E-03
+826.5000E-06,-467.8863015E-03,+457.1136886E-03
+827.0000E-06,-467.4780101E-03,+456.4855479E-03
+827.5000E-06,-467.0697186E-03,+456.0772564E-03
+828.0000E-06,-466.4729850E-03,+455.1978594E-03
+828.5000E-06,-466.0646935E-03,+454.4754976E-03
+829.0000E-06,-465.6878091E-03,+454.0043921E-03
+829.5000E-06,-465.0910754E-03,+453.2506233E-03
+830.0000E-06,-464.1802714E-03,+452.6538896E-03
+830.5000E-06,-463.4579096E-03,+451.9315278E-03
+831.0000E-06,-462.6413267E-03,+451.4290153E-03
+831.5000E-06,-461.9503719E-03,+450.7380605E-03
+832.0000E-06,-461.1337890E-03,+449.9842917E-03
+832.5000E-06,-460.3800202E-03,+449.2619299E-03
+833.0000E-06,-459.7518795E-03,+448.6966032E-03
+833.5000E-06,-459.0609247E-03,+448.0370555E-03
+834.0000E-06,-458.6212262E-03,+447.3146937E-03
+834.5000E-06,-457.8674574E-03,+446.4667038E-03
+835.0000E-06,-457.4277589E-03,+445.8071560E-03
+835.5000E-06,-456.7053971E-03,+445.0533872E-03
+836.0000E-06,-456.1086635E-03,+444.4880606E-03
+836.5000E-06,-455.2292665E-03,+443.6714777E-03
+837.0000E-06,-454.4126836E-03,+443.1061510E-03
+837.5000E-06,-453.6275077E-03,+442.4151963E-03
+838.0000E-06,-452.4968545E-03,+441.6300204E-03
+838.5000E-06,-451.9629349E-03,+440.9076586E-03
+839.0000E-06,-451.3033871E-03,+440.0910757E-03
+839.5000E-06,-450.7066535E-03,+439.3687139E-03
+840.0000E-06,-450.2355479E-03,+438.8033873E-03
+840.5000E-06,-449.7016283E-03,+437.9868044E-03
+841.0000E-06,-449.1363017E-03,+437.2330355E-03
+841.5000E-06,-448.3511259E-03,+436.5106737E-03
+842.0000E-06,-447.5345429E-03,+435.8511260E-03
+842.5000E-06,-446.6865530E-03,+435.0659501E-03
+843.0000E-06,-445.6187138E-03,+434.3749953E-03
+843.5000E-06,-444.7707239E-03,+433.3699702E-03
+844.0000E-06,-443.7028847E-03,+433.0244928E-03
+844.5000E-06,-443.2317792E-03,+431.8938396E-03
+845.0000E-06,-442.5408244E-03,+431.0772567E-03
+845.5000E-06,-441.6614274E-03,+430.5433371E-03
+846.0000E-06,-441.0646938E-03,+429.8837894E-03
+846.5000E-06,-440.1538898E-03,+428.7845431E-03
+847.0000E-06,-439.0860506E-03,+427.9679602E-03
+847.5000E-06,-438.3008747E-03,+427.4654477E-03
+848.0000E-06,-437.4214777E-03,+426.4918296E-03
+848.5000E-06,-436.5420808E-03,+425.9265030E-03
+849.0000E-06,-435.8825330E-03,+424.9528849E-03
+849.5000E-06,-435.1287642E-03,+424.1991161E-03
+850.0000E-06,-434.4378094E-03,+423.3825332E-03
+850.5000E-06,-433.8410758E-03,+422.5345432E-03
+851.0000E-06,-433.2129351E-03,+421.8749955E-03
+851.5000E-06,-432.4591662E-03,+421.0584126E-03
+852.0000E-06,-431.6739904E-03,+420.1790156E-03
+852.5000E-06,-430.7317793E-03,+419.2996186E-03
+853.0000E-06,-429.6639401E-03,+418.4516287E-03
+853.5000E-06,-428.5961009E-03,+417.5094176E-03
+854.0000E-06,-427.9679602E-03,+416.9754980E-03
+854.5000E-06,-427.0571562E-03,+416.0018800E-03
+855.0000E-06,-426.5232366E-03,+415.1224830E-03
+855.5000E-06,-425.9893170E-03,+414.4315282E-03
+856.0000E-06,-425.1099201E-03,+413.4579101E-03
+856.5000E-06,-424.3561512E-03,+412.5156991E-03
+857.0000E-06,-423.1626839E-03,+411.7619303E-03
+857.5000E-06,-422.2832869E-03,+410.9767544E-03
+858.0000E-06,-421.2154478E-03,+409.8461011E-03
+858.5000E-06,-420.2732367E-03,+409.1551464E-03
+859.0000E-06,-419.4252468E-03,+408.1501213E-03
+859.5000E-06,-418.5458498E-03,+407.2707243E-03
+860.0000E-06,-417.9177091E-03,+406.5169554E-03
+860.5000E-06,-417.3209754E-03,+405.6375585E-03
+861.0000E-06,-416.3159503E-03,+404.6639404E-03
+861.5000E-06,-415.3423322E-03,+403.8159504E-03
+862.0000E-06,-414.1174579E-03,+402.8737394E-03
+862.5000E-06,-412.9868046E-03,+401.9629354E-03
+863.0000E-06,-412.1074076E-03,+400.8636892E-03
+863.5000E-06,-411.1966036E-03,+400.0471063E-03
+864.0000E-06,-410.4742418E-03,+399.2933374E-03
+864.5000E-06,-409.5634378E-03,+398.2254982E-03
+865.0000E-06,-408.9038901E-03,+397.1262520E-03
+865.5000E-06,-407.8674579E-03,+396.3724832E-03
+866.0000E-06,-406.7682117E-03,+395.3988651E-03
+866.5000E-06,-405.5433374E-03,+394.4566541E-03
+867.0000E-06,-404.5069052E-03,+393.6714782E-03
+867.5000E-06,-403.5332871E-03,+392.7292672E-03
+868.0000E-06,-402.7481113E-03,+391.7556491E-03
+868.5000E-06,-402.0571565E-03,+390.7506240E-03
+869.0000E-06,-401.2719806E-03,+389.7141918E-03
+869.5000E-06,-400.2355485E-03,+388.6777597E-03
+870.0000E-06,-399.0106741E-03,+387.9553979E-03
+870.5000E-06,-397.8172068E-03,+386.8247446E-03
+871.0000E-06,-396.8121817E-03,+385.8511265E-03
+871.5000E-06,-395.6815284E-03,+384.9403225E-03
+872.0000E-06,-394.8649455E-03,+384.1237396E-03
+872.5000E-06,-394.2053978E-03,+382.8360512E-03
+873.0000E-06,-393.3888149E-03,+381.8938401E-03
+873.5000E-06,-392.4151968E-03,+380.8574080E-03
+874.0000E-06,-391.4101717E-03,+379.8523829E-03
+874.5000E-06,-390.2795184E-03,+378.9415789E-03
+875.0000E-06,-389.0546441E-03,+377.9051467E-03
+875.5000E-06,-387.9239908E-03,+377.0571568E-03
+876.0000E-06,-387.1074079E-03,+376.0521317E-03
+876.5000E-06,-386.2908250E-03,+374.9842925E-03
+877.0000E-06,-385.5684632E-03,+373.9478603E-03
+877.5000E-06,-384.7518803E-03,+373.1940915E-03
+878.0000E-06,-383.5898200E-03,+372.0634382E-03
+878.5000E-06,-382.5847949E-03,+371.1840413E-03
+879.0000E-06,-380.8260009E-03,+369.9591669E-03
+879.5000E-06,-379.9466040E-03,+369.1739910E-03
+880.0000E-06,-378.7845437E-03,+368.0433378E-03
+880.5000E-06,-378.0935889E-03,+366.8498704E-03
+881.0000E-06,-377.2770060E-03,+365.8762524E-03
+881.5000E-06,-376.1463528E-03,+364.6199710E-03
+882.0000E-06,-375.0156995E-03,+363.7091670E-03
+882.5000E-06,-373.5081618E-03,+362.7669559E-03
+883.0000E-06,-372.5031367E-03,+361.3850464E-03
+883.5000E-06,-371.1840413E-03,+360.4428353E-03
+884.0000E-06,-370.3988654E-03,+359.3435891E-03
+884.5000E-06,-369.3624332E-03,+358.2443429E-03
+885.0000E-06,-368.3888151E-03,+357.2707248E-03
+885.5000E-06,-367.1325338E-03,+356.1086645E-03
+886.0000E-06,-365.8762524E-03,+354.9780113E-03
+886.5000E-06,-364.4001217E-03,+353.9729862E-03
+887.0000E-06,-363.3636896E-03,+352.8423329E-03
+887.5000E-06,-362.4214785E-03,+351.7116797E-03
+888.0000E-06,-361.5420816E-03,+350.4239912E-03
+888.5000E-06,-360.5998705E-03,+349.2305239E-03
+889.0000E-06,-359.4064032E-03,+348.1626847E-03
+889.5000E-06,-358.0559007E-03,+347.1576596E-03
+890.0000E-06,-356.7368052E-03,+345.9013782E-03
+890.5000E-06,-355.4805238E-03,+344.6450968E-03
+891.0000E-06,-354.7581620E-03,+343.4830365E-03
+891.5000E-06,-353.8159510E-03,+342.4780114E-03
+892.0000E-06,-352.8737399E-03,+341.3473582E-03
+892.5000E-06,-351.8059008E-03,+340.2481119E-03
+893.0000E-06,-350.3297701E-03,+338.9290165E-03
+893.5000E-06,-349.0106747E-03,+337.9553984E-03
+894.0000E-06,-347.8486144E-03,+336.7933381E-03
+894.5000E-06,-346.5923330E-03,+335.7569060E-03
+895.0000E-06,-345.4616797E-03,+334.6576597E-03
+895.5000E-06,-344.7079109E-03,+333.4955994E-03
+896.0000E-06,-343.1375591E-03,+332.3963532E-03
+896.5000E-06,-341.7242426E-03,+331.0772578E-03
+897.0000E-06,-340.6878104E-03,+329.8209764E-03
+897.5000E-06,-339.4315290E-03,+328.9101724E-03
+898.0000E-06,-338.3322828E-03,+327.7481121E-03
+898.5000E-06,-337.5471069E-03,+326.6174588E-03
+899.0000E-06,-336.5106748E-03,+325.4553985E-03
+899.5000E-06,-335.4428356E-03,+324.2305242E-03
+900.0000E-06,-333.8410768E-03,+323.0684639E-03
+900.5000E-06,-332.4591673E-03,+321.8435895E-03
+901.0000E-06,-331.3913281E-03,+320.5244941E-03
+901.5000E-06,-330.2292678E-03,+319.5194689E-03
+902.0000E-06,-329.5069060E-03,+318.2945946E-03
+902.5000E-06,-328.2820317E-03,+317.0697202E-03
+903.0000E-06,-327.1199714E-03,+315.8762529E-03
+903.5000E-06,-325.6752478E-03,+314.6199715E-03
+904.0000E-06,-324.1677101E-03,+313.3636901E-03
+904.5000E-06,-322.9428357E-03,+312.1074087E-03
+905.0000E-06,-321.8435895E-03,+310.6626851E-03
+905.5000E-06,-320.9641925E-03,+309.4378108E-03
+906.0000E-06,-319.7079111E-03,+308.2129364E-03
+906.5000E-06,-318.2003735E-03,+306.9252480E-03
+907.0000E-06,-317.0069062E-03,+305.6061525E-03
+907.5000E-06,-315.5307755E-03,+304.2556500E-03
+908.0000E-06,-314.3059012E-03,+303.2506249E-03
+908.5000E-06,-313.2694690E-03,+302.0885646E-03
+909.0000E-06,-312.1074087E-03,+300.4868058E-03
+909.5000E-06,-310.5684640E-03,+299.2305244E-03
+910.0000E-06,-309.0609263E-03,+298.3197204E-03
+910.5000E-06,-307.6790168E-03,+296.9692179E-03
+911.0000E-06,-306.3285143E-03,+295.8071576E-03
+911.5000E-06,-305.2292681E-03,+294.4880622E-03
+912.0000E-06,-304.1614289E-03,+293.2631878E-03
+912.5000E-06,-302.5596701E-03,+291.9126853E-03
+913.0000E-06,-301.2091676E-03,+290.7820321E-03
+913.5000E-06,-299.7330370E-03,+289.5257507E-03
+914.0000E-06,-298.5081626E-03,+288.0496200E-03
+914.5000E-06,-297.6915797E-03,+286.8247457E-03
+915.0000E-06,-296.7493687E-03,+285.5998713E-03
+915.5000E-06,-295.3674591E-03,+284.1865547E-03
+916.0000E-06,-294.0483637E-03,+283.0559015E-03
+916.5000E-06,-292.1953486E-03,+281.6425849E-03
+917.0000E-06,-291.0646954E-03,+280.2920824E-03
+917.5000E-06,-289.9654492E-03,+279.1614292E-03
+918.0000E-06,-288.8976100E-03,+277.7167056E-03
+918.5000E-06,-287.5471075E-03,+276.2405749E-03
+919.0000E-06,-285.8825346E-03,+275.1413287E-03
+919.5000E-06,-284.5320321E-03,+273.6023840E-03
+920.0000E-06,-282.9616804E-03,+272.2518815E-03
+920.5000E-06,-281.8310271E-03,+271.0898212E-03
+921.0000E-06,-281.0458513E-03,+269.7393187E-03
+921.5000E-06,-279.6639417E-03,+268.3888162E-03
+922.0000E-06,-278.4076603E-03,+266.8498715E-03
+922.5000E-06,-276.7744945E-03,+265.6564042E-03
+923.0000E-06,-275.1727357E-03,+264.4629369E-03
+923.5000E-06,-273.9164544E-03,+263.2066555E-03
+924.0000E-06,-272.7858011E-03,+261.7305248E-03
+924.5000E-06,-271.6551478E-03,+260.5370575E-03
+925.0000E-06,-269.9591680E-03,+259.0923339E-03
+925.5000E-06,-268.4516303E-03,+257.8988666E-03
+926.0000E-06,-267.2581630E-03,+256.6425852E-03
+926.5000E-06,-266.0018816E-03,+255.2606757E-03
+927.0000E-06,-264.9968565E-03,+254.1300224E-03
+927.5000E-06,-263.8347962E-03,+252.5596707E-03
+928.0000E-06,-262.1074093E-03,+251.2719822E-03
+928.5000E-06,-260.5684645E-03,+249.9528868E-03
+929.0000E-06,-259.0295198E-03,+248.5395702E-03
+929.5000E-06,-257.6476103E-03,+247.1576607E-03
+930.0000E-06,-256.3913289E-03,+245.8385652E-03
+930.5000E-06,-254.8523842E-03,+244.4880627E-03
+931.0000E-06,-253.2820325E-03,+242.8234899E-03
+931.5000E-06,-251.5232385E-03,+241.5986155E-03
+932.0000E-06,-250.1099219E-03,+240.1538919E-03
+932.5000E-06,-249.1363039E-03,+238.8662035E-03
+933.0000E-06,-247.9114295E-03,+237.4214799E-03
+933.5000E-06,-246.4038918E-03,+235.8197211E-03
+934.0000E-06,-244.9905753E-03,+234.5320327E-03
+934.5000E-06,-243.4516306E-03,+233.4013794E-03
+935.0000E-06,-242.1953492E-03,+231.8310277E-03
+935.5000E-06,-241.1275100E-03,+230.2920830E-03
+936.0000E-06,-239.8398216E-03,+228.6903242E-03
+936.5000E-06,-238.1752487E-03,+227.5596709E-03
+937.0000E-06,-236.6677110E-03,+226.1463544E-03
+937.5000E-06,-235.0973593E-03,+224.6074097E-03
+938.0000E-06,-233.8096709E-03,+223.1940931E-03
+938.5000E-06,-232.5847965E-03,+221.6865554E-03
+939.0000E-06,-231.4541432E-03,+220.3988670E-03
+939.5000E-06,-229.7581634E-03,+218.8913293E-03
+940.0000E-06,-227.9365553E-03,+217.7292690E-03
+940.5000E-06,-226.5860528E-03,+215.9390680E-03
+941.0000E-06,-225.4553996E-03,+214.5885655E-03
+941.5000E-06,-224.3247463E-03,+212.9553997E-03
+942.0000E-06,-222.9428368E-03,+211.8247465E-03
+942.5000E-06,-221.4352991E-03,+210.4742440E-03
+943.0000E-06,-219.8335404E-03,+208.9981133E-03
+943.5000E-06,-218.1689675E-03,+207.3335405E-03
+944.0000E-06,-216.8184650E-03,+206.0772591E-03
+944.5000E-06,-215.7820329E-03,+204.7267566E-03
+945.0000E-06,-214.2116811E-03,+203.3134400E-03
+945.5000E-06,-212.5157012E-03,+201.7430883E-03
+946.0000E-06,-211.0395706E-03,+200.3611788E-03
+946.5000E-06,-209.7832892E-03,+198.7594200E-03
+947.0000E-06,-208.6526360E-03,+197.5659527E-03
+947.5000E-06,-207.1450983E-03,+195.9956009E-03
+948.0000E-06,-205.5433395E-03,+194.5194703E-03
+948.5000E-06,-203.9415807E-03,+193.0119326E-03
+949.0000E-06,-202.5282642E-03,+191.6614301E-03
+949.5000E-06,-201.2719828E-03,+190.1224854E-03
+950.0000E-06,-200.0157014E-03,+188.6777618E-03
+950.5000E-06,-198.5395707E-03,+187.3272593E-03
+951.0000E-06,-196.8435909E-03,+185.7883146E-03
+951.5000E-06,-195.0219828E-03,+184.4378121E-03
+952.0000E-06,-193.6714803E-03,+182.9616815E-03
+952.5000E-06,-192.3209778E-03,+181.3913297E-03
+953.0000E-06,-190.9704753E-03,+180.0094202E-03
+953.5000E-06,-189.2744955E-03,+178.4704755E-03
+954.0000E-06,-187.3900734E-03,+177.1199730E-03
+954.5000E-06,-186.2280131E-03,+175.5496212E-03
+955.0000E-06,-184.7832895E-03,+174.1677117E-03
+955.5000E-06,-183.4327870E-03,+172.7858022E-03
+956.0000E-06,-181.8938423E-03,+171.2154504E-03
+956.5000E-06,-180.1036413E-03,+169.7393198E-03
+957.0000E-06,-178.6275106E-03,+168.1375610E-03
+957.5000E-06,-177.3084152E-03,+166.8184656E-03
+958.0000E-06,-176.0521338E-03,+165.3423349E-03
+958.5000E-06,-174.7644454E-03,+163.8033902E-03
+959.0000E-06,-172.6915811E-03,+162.2958525E-03
+959.5000E-06,-171.4667067E-03,+161.0081641E-03
+960.0000E-06,-169.9905761E-03,+159.5320335E-03
+960.5000E-06,-168.8599228E-03,+158.0559028E-03
+961.0000E-06,-167.6350485E-03,+156.6111792E-03
+961.5000E-06,-166.1589178E-03,+155.2292697E-03
+962.0000E-06,-164.4943450E-03,+153.8787672E-03
+962.5000E-06,-162.7983651E-03,+152.3712295E-03
+963.0000E-06,-161.6677118E-03,+150.7380637E-03
+963.5000E-06,-160.3172093E-03,+149.3247471E-03
+964.0000E-06,-159.0923350E-03,+147.9114306E-03
+964.5000E-06,-157.4591692E-03,+146.4981140E-03
+965.0000E-06,-155.5433400E-03,+145.0533904E-03
+965.5000E-06,-154.0043953E-03,+143.6714809E-03
+966.0000E-06,-152.5596717E-03,+142.4151995E-03
+966.5000E-06,-150.9893200E-03,+140.8762548E-03
+967.0000E-06,-149.3561542E-03,+139.4315312E-03
+967.5000E-06,-147.7858024E-03,+138.0810287E-03
+968.0000E-06,-146.2154507E-03,+136.5106769E-03
+968.5000E-06,-144.7393201E-03,+135.0345463E-03
+969.0000E-06,-143.8285160E-03,+133.7782649E-03
+969.5000E-06,-142.3523854E-03,+132.2393202E-03
+970.0000E-06,-140.4365563E-03,+130.6689684E-03
+970.5000E-06,-138.8976116E-03,+129.1614308E-03
+971.0000E-06,-137.4528880E-03,+127.5282650E-03
+971.5000E-06,-136.2594207E-03,+126.2719836E-03
+972.0000E-06,-134.8775111E-03,+124.5760037E-03
+972.5000E-06,-132.9930890E-03,+123.1312801E-03
+973.0000E-06,-131.3599232E-03,+121.4353002E-03
+973.5000E-06,-129.9151996E-03,+119.8021344E-03
+974.0000E-06,-128.6589182E-03,+118.5772600E-03
+974.5000E-06,-127.1513805E-03,+116.9440942E-03
+975.0000E-06,-125.8636921E-03,+115.4993706E-03
+975.5000E-06,-123.8850489E-03,+113.9918329E-03
+976.0000E-06,-122.2832901E-03,+112.5157023E-03
+976.5000E-06,-120.9327876E-03,+110.7569084E-03
+977.0000E-06,-119.5508781E-03,+109.3435918E-03
+977.5000E-06,-117.8863053E-03,+107.8674612E-03
+978.0000E-06,-115.8448480E-03,+106.2028883E-03
+978.5000E-06,-114.3373103E-03,+104.6325366E-03
+979.0000E-06,-112.9239938E-03,+103.1249989E-03
+979.5000E-06,-111.4792702E-03,+101.6174612E-03
+980.0000E-06,-109.9717325E-03,+99.9214813E-03
+980.5000E-06,-107.9930893E-03,+98.4139437E-03
+981.0000E-06,-106.5169587E-03,+96.8749990E-03
+981.5000E-06,-104.8837928E-03,+95.3674613E-03
+982.0000E-06,-103.5646974E-03,+93.7342955E-03
+982.5000E-06,-101.9315316E-03,+92.0383156E-03
+983.0000E-06,-100.0471095E-03,+90.4993709E-03
+983.5000E-06,-98.4453507E-03,+89.1488684E-03
+984.0000E-06,-97.1262552E-03,+87.4528885E-03
+984.5000E-06,-95.8699738E-03,+85.8197227E-03
+985.0000E-06,-94.3624362E-03,+84.3749991E-03
+985.5000E-06,-92.5722352E-03,+82.5847981E-03
+986.0000E-06,-90.9076623E-03,+81.0772604E-03
+986.5000E-06,-89.4315317E-03,+79.5383157E-03
+987.0000E-06,-88.0496222E-03,+78.2820343E-03
+987.5000E-06,-86.4792704E-03,+76.7744967E-03
+988.0000E-06,-84.8775117E-03,+75.2041449E-03
+988.5000E-06,-83.1187177E-03,+73.5709791E-03
+989.0000E-06,-81.6111800E-03,+72.0634414E-03
+989.5000E-06,-80.3548986E-03,+70.3988686E-03
+990.0000E-06,-78.7531399E-03,+68.9541450E-03
+990.5000E-06,-77.4026374E-03,+67.3209792E-03
+991.0000E-06,-75.4239942E-03,+65.7192204E-03
+991.5000E-06,-73.8850495E-03,+64.2116827E-03
+992.0000E-06,-72.5345470E-03,+62.7041451E-03
+992.5000E-06,-71.1526374E-03,+61.0081652E-03
+993.0000E-06,-69.4566575E-03,+59.4378134E-03
+993.5000E-06,-67.8234917E-03,+58.0244969E-03
+994.0000E-06,-65.8134415E-03,+56.5797733E-03
+994.5000E-06,-64.6827883E-03,+54.7267582E-03
+995.0000E-06,-63.1124365E-03,+53.4390698E-03
+995.5000E-06,-61.2594215E-03,+51.5860547E-03
+996.0000E-06,-59.5948486E-03,+50.2041452E-03
+996.5000E-06,-57.8674617E-03,+48.6337934E-03
+997.0000E-06,-56.4855522E-03,+46.9064065E-03
+997.5000E-06,-54.9466075E-03,+45.5559040E-03
+998.0000E-06,-53.2506276E-03,+44.0797734E-03
+998.5000E-06,-51.3976125E-03,+42.3523865E-03
+999.0000E-06,-49.8900748E-03,+40.9704769E-03
+999.5000E-06,-48.5709794E-03,+39.3373111E-03
+1.0000000E-03,-47.5659543E-03,+37.8611805E-03
+1.0005000E-03,-46.0270096E-03,+36.5420850E-03
+1.0010000E-03,-44.2682156E-03,+34.9403263E-03
+1.0015000E-03,-42.6036428E-03,+33.4327886E-03
+1.0020000E-03,-41.0332910E-03,+31.9880650E-03
+1.0025000E-03,-39.6513815E-03,+30.5433414E-03
+1.0030000E-03,-38.0496227E-03,+29.1300248E-03
+1.0035000E-03,-36.4792710E-03,+27.6538942E-03
+1.0040000E-03,-34.5320348E-03,+26.1777635E-03
+1.0045000E-03,-33.2129393E-03,+24.8272610E-03
+1.0050000E-03,-31.8938439E-03,+23.4139445E-03
+1.0055000E-03,-30.5433414E-03,+21.9692209E-03
+1.0060000E-03,-28.7531404E-03,+20.7757535E-03
+1.0065000E-03,-27.2456027E-03,+19.2682159E-03
+1.0070000E-03,-25.6124369E-03,+18.0119345E-03
+1.0075000E-03,-24.3247485E-03,+16.5986179E-03
+1.0080000E-03,-23.0056530E-03,+15.3423365E-03
+1.0085000E-03,-21.4038942E-03,+13.8347988E-03
+1.0090000E-03,-19.6451003E-03,+12.7983667E-03
+1.0095000E-03,-17.7292712E-03,+11.4478642E-03
+1.0100000E-03,-16.5358038E-03,+10.0031406E-03
+1.0105000E-03,-15.4993717E-03,+8.8724873E-03
+1.0110000E-03,-13.8033918E-03,+7.5219848E-03
+1.0115000E-03,-12.2644471E-03,+6.3913316E-03
+1.0120000E-03,-10.4114320E-03,+5.2920854E-03
+1.0125000E-03,-8.7782662E-03,+4.1928392E-03
+1.0130000E-03,-7.4277637E-03,+3.1250000E-03
+1.0135000E-03,-5.8574120E-03,+2.0571608E-03
+1.0140000E-03,-4.1614321E-03,+989.3216E-06
+1.0145000E-03,-2.4026382E-03,+15.7035E-06
+1.0150000E-03,-957.9146E-06,-769.4724E-06
+1.0155000E-03,+361.1809E-06,-1.3347990E-03
+1.0160000E-03,+1.7430904E-03,-2.1513819E-03
+1.0165000E-03,+3.4076633E-03,-2.7167085E-03
+1.0170000E-03,+5.3863065E-03,-3.3134422E-03
+1.0175000E-03,+6.7682160E-03,-3.6275125E-03
+1.0180000E-03,+7.8988693E-03,-4.0043969E-03
+1.0185000E-03,+8.9353014E-03,-4.4126884E-03
+1.0190000E-03,+10.3486180E-03,-4.6953517E-03
+1.0195000E-03,+12.2330401E-03,-4.7267587E-03
+1.0200000E-03,+14.0546481E-03,-5.0408291E-03
+1.0205000E-03,+15.5307787E-03,-5.0408291E-03
+1.0210000E-03,+17.0069094E-03,-4.9152010E-03
+1.0215000E-03,+18.6086681E-03,-5.0408291E-03
+1.0220000E-03,+20.3046480E-03,-5.2292713E-03
+1.0225000E-03,+22.1262560E-03,-5.1978643E-03
+1.0230000E-03,+23.4767585E-03,-5.2920854E-03
+1.0235000E-03,+24.8272610E-03,-5.1036432E-03
+1.0240000E-03,+26.4290198E-03,-5.2292713E-03
+1.0245000E-03,+28.0935927E-03,-5.2292713E-03
+1.0250000E-03,+29.9152007E-03,-5.0408291E-03
+1.0255000E-03,+31.4855524E-03,-5.1978643E-03
+1.0260000E-03,+32.7732409E-03,-5.1664572E-03
+1.0265000E-03,+34.6262559E-03,-5.2606783E-03
+1.0270000E-03,+36.1652006E-03,-5.1978643E-03
+1.0275000E-03,+38.1124368E-03,-5.2606783E-03
+1.0280000E-03,+39.5257533E-03,-5.1350502E-03
+1.0285000E-03,+40.6249996E-03,-5.2606783E-03
+1.0290000E-03,+42.0383161E-03,-5.1978643E-03
+1.0295000E-03,+43.6714819E-03,-5.1978643E-03
+1.0300000E-03,+45.4302759E-03,-5.2292713E-03
+1.0305000E-03,+47.0634417E-03,-5.1350502E-03
+1.0310000E-03,+48.2569090E-03,-5.2920854E-03
+1.0315000E-03,+49.6388186E-03,-5.3863065E-03
+1.0320000E-03,+51.4290195E-03,-5.1978643E-03
+1.0325000E-03,+53.4390698E-03,-5.2606783E-03
+1.0330000E-03,+54.9466075E-03,-5.2606783E-03
+1.0335000E-03,+56.2342959E-03,-5.2292713E-03
+1.0340000E-03,+57.7104265E-03,-5.1350502E-03
+1.0345000E-03,+59.4378134E-03,-5.1978643E-03
+1.0350000E-03,+61.2280144E-03,-5.3234924E-03
+1.0355000E-03,+62.7355521E-03,-5.3234924E-03
+1.0360000E-03,+64.1174616E-03,-5.2292713E-03
+1.0365000E-03,+65.3423360E-03,-5.2292713E-03
+1.0370000E-03,+67.1325370E-03,-5.1664572E-03
+1.0375000E-03,+68.6086676E-03,-5.0722361E-03
+1.0380000E-03,+70.3360545E-03,-5.1664572E-03
+1.0385000E-03,+71.7807781E-03,-5.1664572E-03
+1.0390000E-03,+72.9428384E-03,-5.1664572E-03
+1.0395000E-03,+74.4503761E-03,-5.1350502E-03
+1.0400000E-03,+76.3033911E-03,-5.0408291E-03
+1.0405000E-03,+78.1564062E-03,-5.1978643E-03
+1.0410000E-03,+79.4755017E-03,-5.1664572E-03
+1.0415000E-03,+80.8574112E-03,-5.2292713E-03
+1.0420000E-03,+82.4591700E-03,-4.9780150E-03
+1.0425000E-03,+84.1237428E-03,-5.1978643E-03
+1.0430000E-03,+85.8511297E-03,-5.0094221E-03
+1.0435000E-03,+87.5471096E-03,-5.2606783E-03
+1.0440000E-03,+89.0546473E-03,-5.1036432E-03
+1.0445000E-03,+90.6878131E-03,-5.0408291E-03
+1.0450000E-03,+92.6978633E-03,-4.9466080E-03
+1.0455000E-03,+94.2682151E-03,-5.1664572E-03
+1.0460000E-03,+95.8699738E-03,-5.1350502E-03
+1.0465000E-03,+97.0948482E-03,-5.1664572E-03
+1.0470000E-03,+98.3511296E-03,-5.3234924E-03
+1.0475000E-03,+99.9842954E-03,-5.0722361E-03
+1.0480000E-03,+101.8687175E-03,-5.1350502E-03
+1.0485000E-03,+103.1249989E-03,-5.1036432E-03
+1.0490000E-03,+104.1928381E-03,-4.9780150E-03
+1.0495000E-03,+105.4491195E-03,-5.1978643E-03
+1.0500000E-03,+106.7054009E-03,-5.1664572E-03
+1.0505000E-03,+108.4327878E-03,-5.0408291E-03
+1.0510000E-03,+110.1915817E-03,-5.0722361E-03
+1.0515000E-03,+111.6991194E-03,-5.1036432E-03
+1.0520000E-03,+112.9868078E-03,-5.0722361E-03
+1.0525000E-03,+114.4943455E-03,-5.1664572E-03
+1.0530000E-03,+116.2845465E-03,-5.1350502E-03
+1.0535000E-03,+117.9805264E-03,-5.1036432E-03
+1.0540000E-03,+119.4566570E-03,-5.0408291E-03
+1.0545000E-03,+120.8699736E-03,-5.1664572E-03
+1.0550000E-03,+122.2832901E-03,-5.1664572E-03
+1.0555000E-03,+124.0734911E-03,-5.1350502E-03
+1.0560000E-03,+125.8950992E-03,-5.2920854E-03
+1.0565000E-03,+127.3712298E-03,-5.0094221E-03
+1.0570000E-03,+128.6589182E-03,-5.0722361E-03
+1.0575000E-03,+130.3863051E-03,-5.1350502E-03
+1.0580000E-03,+131.9566569E-03,-5.1664572E-03
+1.0585000E-03,+133.8096719E-03,-5.1036432E-03
+1.0590000E-03,+135.3172096E-03,-5.1664572E-03
+1.0595000E-03,+136.7619332E-03,-5.1664572E-03
+1.0600000E-03,+137.9868076E-03,-5.0722361E-03
+1.0605000E-03,+139.5885663E-03,-5.1664572E-03
+1.0610000E-03,+141.3159533E-03,-5.1350502E-03
+1.0615000E-03,+142.9177120E-03,-5.1978643E-03
+1.0620000E-03,+144.1739934E-03,-5.1350502E-03
+1.0625000E-03,+145.0533904E-03,-5.1978643E-03
+1.0630000E-03,+146.4352999E-03,-5.1664572E-03
+1.0635000E-03,+148.1312798E-03,-5.1664572E-03
+1.0640000E-03,+149.6388175E-03,-5.0408291E-03
+1.0645000E-03,+151.3347974E-03,-4.9780150E-03
+1.0650000E-03,+152.6538928E-03,-5.2606783E-03
+1.0655000E-03,+153.9415813E-03,-5.0722361E-03
+1.0660000E-03,+155.5747471E-03,-5.1664572E-03
+1.0665000E-03,+157.4591692E-03,-5.2292713E-03
+1.0670000E-03,+158.9038928E-03,-5.0408291E-03
+1.0675000E-03,+160.2229882E-03,-5.1350502E-03
+1.0680000E-03,+161.3222345E-03,-5.0408291E-03
+1.0685000E-03,+162.6727370E-03,-5.1350502E-03
+1.0690000E-03,+164.2430887E-03,-5.1350502E-03
+1.0695000E-03,+165.8448475E-03,-5.2920854E-03
+1.0700000E-03,+167.4780133E-03,-5.1664572E-03
+1.0705000E-03,+168.5772595E-03,-4.9780150E-03
+1.0710000E-03,+169.7393198E-03,-5.1978643E-03
+1.0715000E-03,+171.0584153E-03,-5.2920854E-03
+1.0720000E-03,+172.9742444E-03,-5.0094221E-03
+1.0725000E-03,+174.5760032E-03,-5.2292713E-03
+1.0730000E-03,+175.9265057E-03,-5.2292713E-03
+1.0735000E-03,+177.2141941E-03,-5.0722361E-03
+1.0740000E-03,+178.6275106E-03,-5.0722361E-03
+1.0745000E-03,+180.3863046E-03,-5.2292713E-03
+1.0750000E-03,+182.1450986E-03,-5.2606783E-03
+1.0755000E-03,+183.4013799E-03,-5.2920854E-03
+1.0760000E-03,+184.4692191E-03,-5.0094221E-03
+1.0765000E-03,+185.7255005E-03,-5.2292713E-03
+1.0770000E-03,+187.1074101E-03,-5.2292713E-03
+1.0775000E-03,+188.8976110E-03,-5.1664572E-03
+1.0780000E-03,+190.3109276E-03,-4.9780150E-03
+1.0785000E-03,+191.8498723E-03,-5.2292713E-03
+1.0790000E-03,+193.2317819E-03,-5.1350502E-03
+1.0795000E-03,+194.4880632E-03,-5.2292713E-03
+1.0800000E-03,+196.0584150E-03,-5.1664572E-03
+1.0805000E-03,+197.7229878E-03,-4.9466080E-03
+1.0810000E-03,+199.1991185E-03,-5.2606783E-03
+1.0815000E-03,+200.4868069E-03,-4.9780150E-03
+1.0820000E-03,+201.7116813E-03,-5.1664572E-03
+1.0825000E-03,+203.1249978E-03,-5.1350502E-03
+1.0830000E-03,+204.9151988E-03,-5.1036432E-03
+1.0835000E-03,+206.6739928E-03,-5.0408291E-03
+1.0840000E-03,+208.0244953E-03,-4.9780150E-03
+1.0845000E-03,+209.2807767E-03,-5.1350502E-03
+1.0850000E-03,+210.7255003E-03,-5.1664572E-03
+1.0855000E-03,+212.2644450E-03,-5.1036432E-03
+1.0860000E-03,+213.9604248E-03,-5.1978643E-03
+1.0865000E-03,+215.4993696E-03,-5.2606783E-03
+1.0870000E-03,+216.8498720E-03,-5.3234924E-03
+1.0875000E-03,+217.6978620E-03,-5.0408291E-03
+1.0880000E-03,+219.1111786E-03,-5.2606783E-03
+1.0885000E-03,+220.7443444E-03,-5.0408291E-03
+1.0890000E-03,+222.5031383E-03,-5.0722361E-03
+1.0895000E-03,+223.8536408E-03,-5.2292713E-03
+1.0900000E-03,+225.0157011E-03,-5.1350502E-03
+1.0905000E-03,+226.1149473E-03,-5.1664572E-03
+1.0910000E-03,+227.4968569E-03,-5.1350502E-03
+1.0915000E-03,+229.2870578E-03,-5.1350502E-03
+1.0920000E-03,+230.7631885E-03,-5.1664572E-03
+1.0925000E-03,+231.9566558E-03,-5.2292713E-03
+1.0930000E-03,+233.2129372E-03,-5.2292713E-03
+1.0935000E-03,+234.3749975E-03,-5.2292713E-03
+1.0940000E-03,+235.7883141E-03,-5.2292713E-03
+1.0945000E-03,+237.4214799E-03,-5.1978643E-03
+1.0950000E-03,+238.9604246E-03,-5.1664572E-03
+1.0955000E-03,+240.2167060E-03,-5.1350502E-03
+1.0960000E-03,+241.5043944E-03,-5.1664572E-03
+1.0965000E-03,+242.7606758E-03,-5.1978643E-03
+1.0970000E-03,+244.1111783E-03,-5.3234924E-03
+1.0975000E-03,+245.7129371E-03,-5.0094221E-03
+1.0980000E-03,+247.3775099E-03,-5.1664572E-03
+1.0985000E-03,+248.5395702E-03,-5.2292713E-03
+1.0990000E-03,+249.5445953E-03,-5.1350502E-03
+1.0995000E-03,+250.3925853E-03,-5.2292713E-03
+1.1000000E-03,+252.0571581E-03,-5.2292713E-03
+1.1005000E-03,+253.8159521E-03,-5.1036432E-03
+1.1010000E-03,+255.1036405E-03,-5.0722361E-03
+1.1015000E-03,+256.4227359E-03,-5.1350502E-03
+1.1020000E-03,+257.6162033E-03,-5.1350502E-03
+1.1025000E-03,+258.9667058E-03,-5.1978643E-03
+1.1030000E-03,+260.4742434E-03,-5.2606783E-03
+1.1035000E-03,+261.8561530E-03,-5.1350502E-03
+1.1040000E-03,+263.3636906E-03,-5.0094221E-03
+1.1045000E-03,+264.5257509E-03,-5.2292713E-03
+1.1050000E-03,+265.4993690E-03,-5.1036432E-03
+1.1055000E-03,+266.5358012E-03,-5.2920854E-03
+1.1060000E-03,+267.9491177E-03,-5.2292713E-03
+1.1065000E-03,+269.4252484E-03,-5.2920854E-03
+1.1070000E-03,+270.7443438E-03,-5.1350502E-03
+1.1075000E-03,+272.1890674E-03,-5.1978643E-03
+1.1080000E-03,+273.3197207E-03,-5.0408291E-03
+1.1085000E-03,+274.3247458E-03,-5.1036432E-03
+1.1090000E-03,+275.4868061E-03,-5.2292713E-03
+1.1095000E-03,+277.1199719E-03,-5.2292713E-03
+1.1100000E-03,+278.3762533E-03,-5.2292713E-03
+1.1105000E-03,+279.9780121E-03,-5.1664572E-03
+1.1110000E-03,+280.7945950E-03,-5.1036432E-03
+1.1115000E-03,+281.8624342E-03,-4.9466080E-03
+1.1120000E-03,+282.8360522E-03,-5.0722361E-03
+1.1125000E-03,+284.0923336E-03,-5.2606783E-03
+1.1130000E-03,+285.6312783E-03,-5.0722361E-03
+1.1135000E-03,+286.9503738E-03,-5.1036432E-03
+1.1140000E-03,+288.3636904E-03,-5.0408291E-03
+1.1145000E-03,+289.3059014E-03,-5.1978643E-03
+1.1150000E-03,+290.5307758E-03,-5.2292713E-03
+1.1155000E-03,+291.9126853E-03,-5.1664572E-03
+1.1160000E-03,+293.1061526E-03,-5.2292713E-03
+1.1165000E-03,+294.7079114E-03,-5.2606783E-03
+1.1170000E-03,+296.0898209E-03,-5.2292713E-03
+1.1175000E-03,+297.0006250E-03,-5.3548994E-03
+1.1180000E-03,+297.9428360E-03,-5.2606783E-03
+1.1185000E-03,+299.2619315E-03,-5.4805276E-03
+1.1190000E-03,+300.9893184E-03,-5.0722361E-03
+1.1195000E-03,+302.2455998E-03,-5.2606783E-03
+1.1200000E-03,+303.5646952E-03,-5.1350502E-03
+1.1205000E-03,+304.6639415E-03,-5.2606783E-03
+1.1210000E-03,+305.6689666E-03,-5.1350502E-03
+1.1215000E-03,+306.8624339E-03,-5.1978643E-03
+1.1220000E-03,+308.1501223E-03,-5.0408291E-03
+1.1225000E-03,+309.5320319E-03,-5.1350502E-03
+1.1230000E-03,+310.7883133E-03,-5.0408291E-03
+1.1235000E-03,+312.2330369E-03,-5.1664572E-03
+1.1240000E-03,+313.1124338E-03,-5.1664572E-03
+1.1245000E-03,+314.3059012E-03,-5.1978643E-03
+1.1250000E-03,+315.3423333E-03,-5.1664572E-03
+1.1255000E-03,+316.7870569E-03,-5.1664572E-03
+1.1260000E-03,+318.3260016E-03,-5.3234924E-03
+1.1265000E-03,+319.5194689E-03,-5.2292713E-03
+1.1270000E-03,+320.5873081E-03,-5.1350502E-03
+1.1275000E-03,+321.4352981E-03,-5.1664572E-03
+1.1280000E-03,+322.3461021E-03,-5.1036432E-03
+1.1285000E-03,+323.4767553E-03,-5.3548994E-03
+1.1290000E-03,+324.9528860E-03,-5.1036432E-03
+1.1295000E-03,+326.1463533E-03,-5.0722361E-03
+1.1300000E-03,+327.4968558E-03,-5.1036432E-03
+1.1305000E-03,+328.6275090E-03,-5.1664572E-03
+1.1310000E-03,+329.6639412E-03,-4.9152010E-03
+1.1315000E-03,+330.6375593E-03,-5.1978643E-03
+1.1320000E-03,+331.9566547E-03,-5.0722361E-03
+1.1325000E-03,+333.2443432E-03,-5.1664572E-03
+1.1330000E-03,+334.9089160E-03,-5.0722361E-03
+1.1335000E-03,+336.0395693E-03,-4.8837939E-03
+1.1340000E-03,+336.9503733E-03,-5.2606783E-03
+1.1345000E-03,+338.0182125E-03,-5.1664572E-03
+1.1350000E-03,+339.1174587E-03,-5.0722361E-03
+1.1355000E-03,+340.1852979E-03,-5.1664572E-03
+1.1360000E-03,+341.7556496E-03,-5.1978643E-03
+1.1365000E-03,+342.9491169E-03,-5.1664572E-03
+1.1370000E-03,+344.1425843E-03,-5.2292713E-03
+1.1375000E-03,+345.3046445E-03,-5.1350502E-03
+1.1380000E-03,+345.9013782E-03,-5.1036432E-03
+1.1385000E-03,+346.8749963E-03,-5.1664572E-03
+1.1390000E-03,+347.8172073E-03,-5.2292713E-03
+1.1395000E-03,+349.1677098E-03,-5.1664572E-03
+1.1400000E-03,+350.6124334E-03,-5.1350502E-03
+1.1405000E-03,+351.5546445E-03,-5.1664572E-03
+1.1410000E-03,+352.7481118E-03,-4.9466080E-03
+1.1415000E-03,+353.4076595E-03,-5.0094221E-03
+1.1420000E-03,+354.1928354E-03,-5.1978643E-03
+1.1425000E-03,+355.2292676E-03,-5.1978643E-03
+1.1430000E-03,+356.4227349E-03,-5.0408291E-03
+1.1435000E-03,+357.6162022E-03,-5.1350502E-03
+1.1440000E-03,+358.6840414E-03,-5.0722361E-03
+1.1445000E-03,+359.9089157E-03,-5.1664572E-03
+1.1450000E-03,+361.0395690E-03,-5.0722361E-03
+1.1455000E-03,+361.7619308E-03,-5.2292713E-03
+1.1460000E-03,+362.5156996E-03,-5.1978643E-03
+1.1465000E-03,+363.9604232E-03,-5.1350502E-03
+1.1470000E-03,+365.1224835E-03,-5.1350502E-03
+1.1475000E-03,+366.2217297E-03,-5.1350502E-03
+1.1480000E-03,+367.4466041E-03,-5.1350502E-03
+1.1485000E-03,+368.2003729E-03,-5.2292713E-03
+1.1490000E-03,+369.0483629E-03,-5.1350502E-03
+1.1495000E-03,+369.7393176E-03,-5.1350502E-03
+1.1500000E-03,+370.4616794E-03,-5.1978643E-03
+1.1505000E-03,+371.3724835E-03,-5.1036432E-03
+1.1510000E-03,+372.3775086E-03,-5.1350502E-03
+1.1515000E-03,+373.7280111E-03,-5.1664572E-03
+1.1520000E-03,+374.9528854E-03,-5.1350502E-03
+1.1525000E-03,+375.8950965E-03,-5.0722361E-03
+1.1530000E-03,+376.8059005E-03,-5.2606783E-03
+1.1535000E-03,+377.4340412E-03,-5.1350502E-03
+1.1540000E-03,+378.3134382E-03,-5.0722361E-03
+1.1545000E-03,+378.9101718E-03,-5.1664572E-03
+1.1550000E-03,+379.9466040E-03,-5.0094221E-03
+1.1555000E-03,+381.0458502E-03,-5.1036432E-03
+1.1560000E-03,+382.1765034E-03,-4.9780150E-03
+1.1565000E-03,+383.3071567E-03,-5.2606783E-03
+1.1570000E-03,+384.2807748E-03,-5.1036432E-03
+1.1575000E-03,+385.0973577E-03,-5.2292713E-03
+1.1580000E-03,+385.7883125E-03,-5.1664572E-03
+1.1585000E-03,+386.4478602E-03,-5.2292713E-03
+1.1590000E-03,+387.2644431E-03,-5.1664572E-03
+1.1595000E-03,+388.3322823E-03,-5.2292713E-03
+1.1600000E-03,+389.4001215E-03,-5.1664572E-03
+1.1605000E-03,+390.7192169E-03,-5.2606783E-03
+1.1610000E-03,+391.7556491E-03,-5.2606783E-03
+1.1615000E-03,+392.5722320E-03,-5.1664572E-03
+1.1620000E-03,+393.2945938E-03,-5.0408291E-03
+1.1625000E-03,+394.1425837E-03,-5.2606783E-03
+1.1630000E-03,+394.9905737E-03,-5.1350502E-03
+1.1635000E-03,+395.9013777E-03,-5.0722361E-03
+1.1640000E-03,+396.9064028E-03,-5.1350502E-03
+1.1645000E-03,+397.9428349E-03,-5.1036432E-03
+1.1650000E-03,+399.4817796E-03,-5.1036432E-03
+1.1655000E-03,+400.1413274E-03,-5.3234924E-03
+1.1660000E-03,+400.9579103E-03,-5.2292713E-03
+1.1665000E-03,+401.9001213E-03,-5.1350502E-03
+1.1670000E-03,+402.6538902E-03,-5.1978643E-03
+1.1675000E-03,+403.5018801E-03,-5.0408291E-03
+1.1680000E-03,+404.7581615E-03,-5.1664572E-03
+1.1685000E-03,+405.7317796E-03,-5.2292713E-03
+1.1690000E-03,+406.8624328E-03,-5.4177135E-03
+1.1695000E-03,+407.7732368E-03,-5.2606783E-03
+1.1700000E-03,+408.5898197E-03,-5.2920854E-03
+1.1705000E-03,+409.3435886E-03,-5.1350502E-03
+1.1710000E-03,+410.0659504E-03,-5.1350502E-03
+1.1715000E-03,+410.7569051E-03,-5.2292713E-03
+1.1720000E-03,+411.8561514E-03,-5.1350502E-03
+1.1725000E-03,+412.4842921E-03,-5.1350502E-03
+1.1730000E-03,+413.4265031E-03,-5.3863065E-03
+1.1735000E-03,+414.5257493E-03,-5.2606783E-03
+1.1740000E-03,+415.3737393E-03,-5.1664572E-03
+1.1745000E-03,+416.4415785E-03,-5.1350502E-03
+1.1750000E-03,+417.0383121E-03,-5.1350502E-03
+1.1755000E-03,+417.6350458E-03,-5.1350502E-03
+1.1760000E-03,+418.1061513E-03,-5.0722361E-03
+1.1765000E-03,+418.7656990E-03,-5.2920854E-03
+1.1770000E-03,+419.5194679E-03,-5.2606783E-03
+1.1775000E-03,+420.1476086E-03,-5.0722361E-03
+1.1780000E-03,+421.3410759E-03,-5.0408291E-03
+1.1785000E-03,+422.0006236E-03,-5.1978643E-03
+1.1790000E-03,+423.0056487E-03,-5.1978643E-03
+1.1795000E-03,+424.1677090E-03,-5.2292713E-03
+1.1800000E-03,+424.7330357E-03,-5.0408291E-03
+1.1805000E-03,+425.5496186E-03,-5.1978643E-03
+1.1810000E-03,+425.9893170E-03,-5.2292713E-03
+1.1815000E-03,+426.6802718E-03,-5.1978643E-03
+1.1820000E-03,+427.4968547E-03,-5.2292713E-03
+1.1825000E-03,+428.3134376E-03,-5.1664572E-03
+1.1830000E-03,+429.2870557E-03,-5.2292713E-03
+1.1835000E-03,+430.1350456E-03,-5.0722361E-03
+1.1840000E-03,+431.0144426E-03,-5.3234924E-03
+1.1845000E-03,+431.9880607E-03,-5.1350502E-03
+1.1850000E-03,+432.5533873E-03,-5.1664572E-03
+1.1855000E-03,+433.1187140E-03,-5.1036432E-03
+1.1860000E-03,+433.7782617E-03,-5.1664572E-03
+1.1865000E-03,+434.1865531E-03,-5.3234924E-03
+1.1870000E-03,+434.8146938E-03,-5.0094221E-03
+1.1875000E-03,+435.4428345E-03,-4.9780150E-03
+1.1880000E-03,+436.1337893E-03,-5.1350502E-03
+1.1885000E-03,+436.9189652E-03,-5.2920854E-03
+1.1890000E-03,+437.8925832E-03,-5.0722361E-03
+1.1895000E-03,+438.5835380E-03,-5.1036432E-03
+1.1900000E-03,+439.4315280E-03,-5.0722361E-03
+1.1905000E-03,+440.2481109E-03,-5.2606783E-03
+1.1910000E-03,+440.9390656E-03,-5.0408291E-03
+1.1915000E-03,+441.3473571E-03,-5.0722361E-03
+1.1920000E-03,+442.0383118E-03,-5.1036432E-03
+1.1925000E-03,+442.3837892E-03,-5.0722361E-03
+1.1930000E-03,+442.9177088E-03,-5.2920854E-03
+1.1935000E-03,+443.5144425E-03,-5.2606783E-03
+1.1940000E-03,+444.3624324E-03,-5.1664572E-03
+1.1945000E-03,+445.1790153E-03,-5.1664572E-03
+1.1950000E-03,+445.8385631E-03,-5.1350502E-03
+1.1955000E-03,+446.5923319E-03,-5.0408291E-03
+1.1960000E-03,+447.3146937E-03,-5.2292713E-03
+1.1965000E-03,+448.1312766E-03,-5.0722361E-03
+1.1970000E-03,+448.6337892E-03,-5.1978643E-03
+1.1975000E-03,+449.1677088E-03,-5.1036432E-03
+1.1980000E-03,+449.7644424E-03,-5.1664572E-03
+1.1985000E-03,+450.2983620E-03,-5.1350502E-03
+1.1990000E-03,+450.7694675E-03,-5.1350502E-03
+1.1995000E-03,+451.1149449E-03,-5.2606783E-03
+1.2000000E-03,+452.0257489E-03,-5.1978643E-03
+1.2005000E-03,+452.4654474E-03,-5.1664572E-03
+1.2010000E-03,+453.1878092E-03,-5.3863065E-03
+1.2015000E-03,+453.8787640E-03,-5.1664572E-03
+1.2020000E-03,+454.6953469E-03,-5.1664572E-03
+1.2025000E-03,+455.2920806E-03,-5.2292713E-03
+1.2030000E-03,+456.1714775E-03,-5.1036432E-03
+1.2035000E-03,+456.4541408E-03,-5.1036432E-03
+1.2040000E-03,+457.1450956E-03,-5.1664572E-03
+1.2045000E-03,+457.7104222E-03,-5.1036432E-03
+1.2050000E-03,+457.9930855E-03,-5.1664572E-03
+1.2055000E-03,+458.4641911E-03,-5.1350502E-03
+1.2060000E-03,+458.9667036E-03,-5.3863065E-03
+1.2065000E-03,+459.3435880E-03,-5.4177135E-03
+1.2070000E-03,+460.0031358E-03,-5.2606783E-03
+1.2075000E-03,+460.4742413E-03,-5.1350502E-03
+1.2080000E-03,+460.9139398E-03,-5.1978643E-03
+1.2085000E-03,+461.6677086E-03,-5.1350502E-03
+1.2090000E-03,+462.3586634E-03,-5.0722361E-03
+1.2095000E-03,+463.1438393E-03,-5.3863065E-03
+1.2100000E-03,+463.5521307E-03,-5.1978643E-03
+1.2105000E-03,+463.9290151E-03,-5.1350502E-03
+1.2110000E-03,+464.4315277E-03,-5.0408291E-03
+1.2115000E-03,+464.9026332E-03,-5.1350502E-03
+1.2120000E-03,+465.2167036E-03,-5.1978643E-03
+1.2125000E-03,+465.6249950E-03,-5.1036432E-03
+1.2130000E-03,+465.7192161E-03,-4.9466080E-03
+1.2135000E-03,+466.0961005E-03,-5.1664572E-03
+1.2140000E-03,+466.4101709E-03,-5.2292713E-03
+1.2145000E-03,+466.7242412E-03,-5.2292713E-03
+1.2150000E-03,+467.0069045E-03,-5.1978643E-03
+1.2155000E-03,+467.2581608E-03,-5.0722361E-03
+1.2160000E-03,+467.7920804E-03,-5.2292713E-03
+1.2165000E-03,+468.2003719E-03,-5.1978643E-03
+1.2170000E-03,+468.6714774E-03,-5.2920854E-03
+1.2175000E-03,+469.0797688E-03,-5.1036432E-03
+1.2180000E-03,+469.7707236E-03,-5.1350502E-03
+1.2185000E-03,+470.1476080E-03,-5.0094221E-03
+1.2190000E-03,+470.7129347E-03,-5.1978643E-03
+1.2195000E-03,+471.2468542E-03,-5.2606783E-03
+1.2200000E-03,+471.8121809E-03,-5.0094221E-03
+1.2205000E-03,+472.4403216E-03,-5.0408291E-03
+1.2210000E-03,+472.6915779E-03,-5.0722361E-03
+1.2215000E-03,+473.2254974E-03,-5.1036432E-03
+1.2220000E-03,+473.4767537E-03,-5.1036432E-03
+1.2225000E-03,+473.7908241E-03,-5.1978643E-03
+1.2230000E-03,+474.1048944E-03,-5.1978643E-03
+1.2235000E-03,+474.5131859E-03,-5.1978643E-03
+1.2240000E-03,+474.7644422E-03,-5.3863065E-03
+1.2245000E-03,+475.3297688E-03,-5.2292713E-03
+1.2250000E-03,+475.7066532E-03,-5.1978643E-03
+1.2255000E-03,+476.1149446E-03,-5.0722361E-03
+1.2260000E-03,+476.2405728E-03,-5.1664572E-03
+1.2265000E-03,+476.7116783E-03,-5.2920854E-03
+1.2270000E-03,+477.2141909E-03,-5.0408291E-03
+1.2275000E-03,+477.9051456E-03,-5.2606783E-03
+1.2280000E-03,+478.0935878E-03,-5.1978643E-03
+1.2285000E-03,+478.6275074E-03,-4.9780150E-03
+1.2290000E-03,+479.0043919E-03,-5.1350502E-03
+1.2295000E-03,+479.3498692E-03,-5.2920854E-03
+1.2300000E-03,+479.6953466E-03,-5.2606783E-03
+1.2305000E-03,+480.0408240E-03,-5.0408291E-03
+1.2310000E-03,+480.4491155E-03,-5.2292713E-03
+1.2315000E-03,+480.7317788E-03,-5.3234924E-03
+1.2320000E-03,+480.9830350E-03,-5.1978643E-03
+1.2325000E-03,+481.2656984E-03,-5.2606783E-03
+1.2330000E-03,+481.4855476E-03,-5.1350502E-03
+1.2335000E-03,+481.7682109E-03,-5.1350502E-03
+1.2340000E-03,+481.9880602E-03,-5.2920854E-03
+1.2345000E-03,+482.3335375E-03,-5.1664572E-03
+1.2350000E-03,+482.6162009E-03,-5.4177135E-03
+1.2355000E-03,+482.8360501E-03,-5.1350502E-03
+1.2360000E-03,+482.9616782E-03,-5.1036432E-03
+1.2365000E-03,+483.2443416E-03,-5.2606783E-03
+1.2370000E-03,+483.6526330E-03,-5.3234924E-03
+1.2375000E-03,+483.7782612E-03,-5.2606783E-03
+1.2380000E-03,+483.8724823E-03,-5.2292713E-03
+1.2385000E-03,+484.1551456E-03,-5.1978643E-03
+1.2390000E-03,+484.5634370E-03,-5.1664572E-03
+1.2395000E-03,+484.8146933E-03,-5.0722361E-03
+1.2400000E-03,+484.9089144E-03,-5.2606783E-03
+1.2405000E-03,+485.2543918E-03,-5.2606783E-03
+1.2410000E-03,+485.6312762E-03,-5.1036432E-03
+1.2415000E-03,+485.6940903E-03,-5.2292713E-03
+1.2420000E-03,+486.1337888E-03,-5.1978643E-03
+1.2425000E-03,+486.3850450E-03,-5.1664572E-03
+1.2430000E-03,+486.7305224E-03,-5.1664572E-03
+1.2435000E-03,+486.9503717E-03,-5.1664572E-03
+1.2440000E-03,+487.1388139E-03,-5.3863065E-03
+1.2445000E-03,+487.0131857E-03,-5.2292713E-03
+1.2450000E-03,+487.5785124E-03,-5.2292713E-03
+1.2455000E-03,+487.6727335E-03,-5.1978643E-03
+1.2460000E-03,+487.9553968E-03,-5.1350502E-03
+1.2465000E-03,+488.0810249E-03,-5.2606783E-03
+1.2470000E-03,+488.2380601E-03,-5.1978643E-03
+1.2475000E-03,+488.2380601E-03,-5.2606783E-03
+1.2480000E-03,+488.4893164E-03,-5.1036432E-03
+1.2485000E-03,+488.6463516E-03,-5.2292713E-03
+1.2490000E-03,+488.7091656E-03,-5.2292713E-03
+1.2495000E-03,+488.8662008E-03,-5.0408291E-03
+1.2500000E-03,+488.9604219E-03,-5.3234924E-03
+1.2505000E-03,+489.0860500E-03,-5.1664572E-03
+1.2510000E-03,+489.2744922E-03,-5.2292713E-03
+1.2515000E-03,+489.2430852E-03,-5.2606783E-03
+1.2520000E-03,+489.3373063E-03,-5.0722361E-03
+1.2525000E-03,+489.2430852E-03,-5.1350502E-03
+1.2530000E-03,+489.6513767E-03,-5.3863065E-03
+1.2535000E-03,+489.5885626E-03,-5.3234924E-03
+1.2540000E-03,+489.5885626E-03,-5.1978643E-03
+1.2545000E-03,+489.6827837E-03,-5.2292713E-03
+1.2550000E-03,+489.7455978E-03,-5.1036432E-03
+1.2555000E-03,+489.7770048E-03,-5.0722361E-03
+1.2560000E-03,+489.8084118E-03,-5.1036432E-03
+1.2565000E-03,+489.7455978E-03,-5.2920854E-03
+1.2570000E-03,+489.8398189E-03,-5.2606783E-03
+1.2575000E-03,+490.0282611E-03,-5.1664572E-03
+1.2580000E-03,+489.9026329E-03,-5.2292713E-03
+1.2585000E-03,+489.9026329E-03,-5.1978643E-03
+1.2590000E-03,+489.9654470E-03,-5.2292713E-03
+1.2595000E-03,+490.1538892E-03,-5.2292713E-03
+1.2600000E-03,+490.2167033E-03,-5.2920854E-03
+1.2605000E-03,+490.1852963E-03,-5.2920854E-03
+1.2610000E-03,+490.1852963E-03,-5.1036432E-03
+1.2615000E-03,+490.2167033E-03,-5.2606783E-03
+1.2620000E-03,+490.1538892E-03,-5.2920854E-03
+1.2625000E-03,+490.0910752E-03,-5.1664572E-03
+1.2630000E-03,+490.1538892E-03,-5.2292713E-03
+1.2635000E-03,+490.2167033E-03,-5.3548994E-03
+1.2640000E-03,+490.1538892E-03,-5.1664572E-03
+1.2645000E-03,+490.0596681E-03,-5.1978643E-03
+1.2650000E-03,+490.1852963E-03,-5.1350502E-03
+1.2655000E-03,+490.0910752E-03,-5.2292713E-03
+1.2660000E-03,+489.9968540E-03,-5.2292713E-03
+1.2665000E-03,+490.0282611E-03,-5.1664572E-03
+1.2670000E-03,+489.9340400E-03,-5.2292713E-03
+1.2675000E-03,+490.0282611E-03,-5.1978643E-03
+1.2680000E-03,+490.0282611E-03,-5.1664572E-03
+1.2685000E-03,+489.8084118E-03,-5.2920854E-03
+1.2690000E-03,+489.8712259E-03,-5.2920854E-03
+1.2695000E-03,+489.8712259E-03,-5.2606783E-03
+1.2700000E-03,+489.8712259E-03,-5.1664572E-03
+1.2705000E-03,+489.7770048E-03,-5.1664572E-03
+1.2710000E-03,+489.6513767E-03,-5.2920854E-03
+1.2715000E-03,+489.7141907E-03,-5.3234924E-03
+1.2720000E-03,+489.5885626E-03,-5.2292713E-03
+1.2725000E-03,+489.4629345E-03,-5.1350502E-03
+1.2730000E-03,+489.3058993E-03,-5.1664572E-03
+1.2735000E-03,+489.3058993E-03,-5.1350502E-03
+1.2740000E-03,+489.2744922E-03,-5.1036432E-03
+1.2745000E-03,+489.2116782E-03,-5.2920854E-03
+1.2750000E-03,+488.8662008E-03,-5.1978643E-03
+1.2755000E-03,+488.9290149E-03,-5.1664572E-03
+1.2760000E-03,+488.6777586E-03,-5.2292713E-03
+1.2765000E-03,+488.7091656E-03,-5.1350502E-03
+1.2770000E-03,+488.2694671E-03,-5.1664572E-03
+1.2775000E-03,+488.3950953E-03,-5.1036432E-03
+1.2780000E-03,+488.3950953E-03,-5.0722361E-03
+1.2785000E-03,+488.0810249E-03,-5.3234924E-03
+1.2790000E-03,+487.7669546E-03,-5.1664572E-03
+1.2795000E-03,+487.6727335E-03,-5.1978643E-03
+1.2800000E-03,+487.6413264E-03,-5.2920854E-03
+1.2805000E-03,+487.1702209E-03,-5.1664572E-03
+1.2810000E-03,+486.8561506E-03,-5.2292713E-03
+1.2815000E-03,+486.9189646E-03,-5.1664572E-03
+1.2820000E-03,+486.8247435E-03,-5.2920854E-03
+1.2825000E-03,+486.4164521E-03,-5.1664572E-03
+1.2830000E-03,+486.1966028E-03,-5.2606783E-03
+1.2835000E-03,+485.7883114E-03,-5.1664572E-03
+1.2840000E-03,+485.7883114E-03,-5.1978643E-03
+1.2845000E-03,+485.2543918E-03,-5.1036432E-03
+1.2850000E-03,+485.2229848E-03,-5.0722361E-03
+1.2855000E-03,+484.6890652E-03,-5.1036432E-03
+1.2860000E-03,+484.6890652E-03,-5.1350502E-03
+1.2865000E-03,+484.4064018E-03,-5.1350502E-03
+1.2870000E-03,+483.8410752E-03,-5.2920854E-03
+1.2875000E-03,+483.7782612E-03,-5.2920854E-03
+1.2880000E-03,+483.3699697E-03,-5.2606783E-03
+1.2885000E-03,+483.3385627E-03,-5.1978643E-03
+1.2890000E-03,+483.0244923E-03,-5.1664572E-03
+1.2895000E-03,+482.7732360E-03,-5.3863065E-03
+1.2900000E-03,+482.5847938E-03,-5.1664572E-03
+1.2905000E-03,+482.4277587E-03,-5.2920854E-03
+1.2910000E-03,+482.2707235E-03,-5.2292713E-03
+1.2915000E-03,+481.8624320E-03,-5.1664572E-03
+1.2920000E-03,+481.6739898E-03,-5.2606783E-03
+1.2925000E-03,+481.4227335E-03,-5.2606783E-03
+1.2930000E-03,+481.2656984E-03,-5.1664572E-03
+1.2935000E-03,+480.7317788E-03,-5.2292713E-03
+1.2940000E-03,+480.5747436E-03,-5.0722361E-03
+1.2945000E-03,+480.1978592E-03,-5.2920854E-03
+1.2950000E-03,+479.9466029E-03,-5.1350502E-03
+1.2955000E-03,+479.4126833E-03,-5.1036432E-03
+1.2960000E-03,+479.0986130E-03,-5.0408291E-03
+1.2965000E-03,+478.5018793E-03,-5.2292713E-03
+1.2970000E-03,+478.3134371E-03,-5.1978643E-03
+1.2975000E-03,+477.7481105E-03,-5.3548994E-03
+1.2980000E-03,+477.4968542E-03,-5.2292713E-03
+1.2985000E-03,+477.0257487E-03,-5.2606783E-03
+1.2990000E-03,+476.4290150E-03,-5.2292713E-03
+1.2995000E-03,+476.2091658E-03,-5.2292713E-03
+1.3000000E-03,+475.8008743E-03,-5.1664572E-03
+1.3005000E-03,+475.5182110E-03,-5.0722361E-03
+1.3010000E-03,+475.0156984E-03,-5.1350502E-03
+1.3015000E-03,+474.5759999E-03,-5.1664572E-03
+1.3020000E-03,+474.2933366E-03,-5.1664572E-03
+1.3025000E-03,+473.8222311E-03,-5.1978643E-03
+1.3030000E-03,+473.5709748E-03,-5.3234924E-03
+1.3035000E-03,+473.1940904E-03,-5.1350502E-03
+1.3040000E-03,+472.6915779E-03,-5.2920854E-03
+1.3045000E-03,+472.3461005E-03,-5.0722361E-03
+1.3050000E-03,+471.8121809E-03,-5.3234924E-03
+1.3055000E-03,+471.3724824E-03,-5.0408291E-03
+1.3060000E-03,+470.8699698E-03,-5.1350502E-03
+1.3065000E-03,+470.2104221E-03,-5.1978643E-03
+1.3070000E-03,+469.7707236E-03,-5.3234924E-03
+1.3075000E-03,+469.2996181E-03,-5.2606783E-03
+1.3080000E-03,+468.6400704E-03,-5.2920854E-03
+1.3085000E-03,+468.4202211E-03,-5.1036432E-03
+1.3090000E-03,+467.7292663E-03,-5.1978643E-03
+1.3095000E-03,+467.4780101E-03,-5.2920854E-03
+1.3100000E-03,+466.9440905E-03,-5.3548994E-03
+1.3105000E-03,+466.8498694E-03,-5.3234924E-03
+1.3110000E-03,+466.4101709E-03,-5.2920854E-03
+1.3115000E-03,+466.1589146E-03,-5.1978643E-03
+1.3120000E-03,+466.0018794E-03,-5.1664572E-03
+1.3125000E-03,+465.6249950E-03,-5.2292713E-03
+1.3130000E-03,+465.4679598E-03,-5.3548994E-03
+1.3135000E-03,+465.0596684E-03,-5.1978643E-03
+1.3140000E-03,+464.5257488E-03,-5.1664572E-03
+1.3145000E-03,+464.0860503E-03,-5.2920854E-03
+1.3150000E-03,+463.5207237E-03,-5.1350502E-03
+1.3155000E-03,+462.9239900E-03,-5.1350502E-03
+1.3160000E-03,+462.4528845E-03,-5.1978643E-03
+1.3165000E-03,+461.7619297E-03,-5.2292713E-03
+1.3170000E-03,+461.2594172E-03,-5.1664572E-03
+1.3175000E-03,+460.5998694E-03,-5.1978643E-03
+1.3180000E-03,+459.9089147E-03,-5.1036432E-03
+1.3185000E-03,+459.5948443E-03,-5.0722361E-03
+1.3190000E-03,+459.0295177E-03,-5.2606783E-03
+1.3195000E-03,+458.5898192E-03,-5.1664572E-03
+1.3200000E-03,+458.1187137E-03,-5.2920854E-03
+1.3205000E-03,+457.7732363E-03,-5.2920854E-03
+1.3210000E-03,+457.3335378E-03,-5.2292713E-03
+1.3215000E-03,+456.7996182E-03,-5.2920854E-03
+1.3220000E-03,+456.2656986E-03,-5.3863065E-03
+1.3225000E-03,+455.4805228E-03,-5.3234924E-03
+1.3230000E-03,+454.9466032E-03,-5.4177135E-03
+1.3235000E-03,+454.3184625E-03,-5.2920854E-03
+1.3240000E-03,+453.4390655E-03,-5.2292713E-03
+1.3245000E-03,+452.7795178E-03,-5.3234924E-03
+1.3250000E-03,+452.1513771E-03,-5.1350502E-03
+1.3255000E-03,+451.4604223E-03,-5.4491205E-03
+1.3260000E-03,+450.8950957E-03,-5.2606783E-03
+1.3265000E-03,+450.4239902E-03,-5.3234924E-03
+1.3270000E-03,+449.8900706E-03,-5.0722361E-03
+1.3275000E-03,+449.4189650E-03,-5.1978643E-03
+1.3280000E-03,+448.9792665E-03,-5.4805276E-03
+1.3285000E-03,+448.0998696E-03,-5.1978643E-03
+1.3290000E-03,+447.5973570E-03,-5.3548994E-03
+1.3295000E-03,+447.0006234E-03,-5.1978643E-03
+1.3300000E-03,+446.0898193E-03,-5.1664572E-03
+1.3305000E-03,+445.3674575E-03,-5.0722361E-03
+1.3310000E-03,+444.7707239E-03,-5.3234924E-03
+1.3315000E-03,,
